estimate,lower,upper,p
176.77302217191846,-31.185424382421758,384.73146872625864,0.09457485548280377
105.49042743597374,-82.75001235839702,293.73086723034453,0.2679243807222021
144.916123327474,1.098996924305851,288.7332497306421,0.04832256878627922
275.91932091231683,103.13835941838448,448.7002824062492,0.0021256848578197944
73.82605530167757,-105.58632182551668,253.23843242887182,0.41514132489026323
193.42796416029387,14.397045621573426,372.45888269901434,0.03457956089299214
110.42389445644176,-93.25875778668856,314.10654669957205,0.28346109861519564
127.71337562376448,-44.12509891030763,299.5518501578366,0.14296081519782888
539.8524423178155,382.8500530336429,696.8548316019882,1.6583421909421708e-09
273.2971263906352,99.74261512539192,446.85163765587845,0.0024400799542893844
23.047340311952212,-153.7673939271375,199.86207455104193,0.7959313164056685
131.71663610793985,-33.678428752626246,297.11170096850594,0.11689659036122162
239.917309679754,60.128144592286304,419.7064747672217,0.009583141868152416
127.67056521439281,-70.87087942290307,326.21200985168866,0.20413204266195498
341.4867357533517,171.84806741271547,511.1254040939879,0.00014293828130578588
146.02275917775341,-42.49573972978476,334.5412580852916,0.12696195114686462
273.86004031386756,100.49624563399021,447.2238349937449,0.0023522092060802363
171.32565193660866,-14.747716690796096,357.3990205640134,0.07057696927630273
37.21365057420098,-138.11584233282773,212.5431434812297,0.6734662453675537
179.5069584572484,15.660167990403352,343.35374892409345,0.03218783676101142
383.9536869920994,195.02921930688768,572.8781546773112,0.0001221391774993754
64.0051684116579,-105.15261526020566,233.16295208352147,0.45353380674301547
150.498546473259,-14.659251953160748,315.65634489967874,0.07350116411227513
300.1471608601478,122.20769837017383,478.0866233501217,0.0012180906128096414
212.072831026499,42.84561470559771,381.30004734740027,0.01477852820562992
300.4945125891404,122.76465060052354,478.2243745777573,0.0011950033665206812
373.57182266733525,221.2262594202873,525.9173859143832,5.825712599953312e-06
32.86393168927543,-163.9791758031236,229.70703918167447,0.7404862012435178
263.5423462267031,96.6100933967495,430.4745990566567,0.002364951988492872
56.42536265076433,-130.35349203781266,243.2042173393413,0.549195740897833
187.65893123870046,9.371979199120318,365.9458832782806,0.039384406585650254
292.13459515609793,111.87494243710844,472.39424787508744,0.001914165556267019
284.7009895020792,102.06173812808376,467.34024087607463,0.002667509985380704
264.84413660285054,82.23719229943899,447.45108090626206,0.005026202490464533
182.4745087897345,9.119649069338749,355.8293685101303,0.03936468871336816
212.40419348912337,50.41871344201931,374.3896735362274,0.0108434746754737
207.7361478298867,24.86398237552828,390.6083132842451,0.026526482465834937
195.76184713082512,25.90060388875571,365.6230903728945,0.024522114781933942
195.24502037424963,13.247112937630021,377.2429278108692,0.03584005017752522
234.32175798854178,48.828212402645704,419.81530357443785,0.013967184388331852
204.81963605361898,47.490057105761935,362.149215001476,0.011399048763197963
197.14594819126205,41.561749267371084,352.73014711515304,0.013681931184794846
373.7937236620651,205.81085629858748,541.7765910255426,3.0473835108835313e-05
138.3905456387365,-28.676014791183462,305.45710606865646,0.1031083355725001
213.32125926565823,27.649124477032956,398.9933940542835,0.02490824725451277
224.04323941817893,47.47873372226107,400.6077451140968,0.013558935613857485
259.83442615579816,81.8380133977839,437.8308389138124,0.004764355246862986
227.48604674484523,52.88359384756285,402.0884996421276,0.011334930509279861
250.24581768716007,75.86405998567804,424.6275753886421,0.005521862129752886
195.9111725753787,-22.365717014959188,414.1880621657166,0.07784596302085266
91.06691074908349,-85.57828084946249,267.71210234762947,0.30772063854265375
206.29622362035298,48.75314443683169,363.83930280387426,0.010982590892190794
187.10027338909504,23.90132354001605,350.299223238174,0.02520535375430267
209.48508986514162,44.354982668135705,374.61519706214756,0.013580243180056585
402.93621187137114,217.06235755694738,588.8100661857949,4.766971567841022e-05
240.80651004333095,94.50996892439841,387.10305116226345,0.00156994428117154
201.93225107906846,42.38625258127021,361.4782495768667,0.01378703483230047
172.88785632656663,-4.747470022692966,350.5231826758262,0.05625501319939841
154.33921919455543,-25.00175765454742,333.68019604365827,0.0906277533707084
369.29961326276907,193.59629149828746,545.0029350272507,7.539194296640029e-05
233.5258216640309,33.29059729393751,433.7610460341243,0.022898560761958623
304.1332007817864,130.73874438592267,477.5276571776501,0.0008065653177292464
216.0545943101497,39.18802408780098,392.92116453249844,0.01731740297518469
96.26571477004381,-52.43934891731473,244.97077845740236,0.20095040918025847
194.17248594018065,15.671769324813994,372.6732025555473,0.03339492199091982
100.64884092055581,-88.01552582332633,289.313207664438,0.29130111175858275
103.5837994124654,-62.30442194126542,269.47202076619624,0.21752267400231987
243.83103918086636,95.10803236341175,392.55404599832093,0.0016520907163328723
278.413322479415,87.00282966932099,469.823815289509,0.00495848981339418
247.05111612131577,89.24697433300474,404.8552579096268,0.0025598680739978563
140.93558292372427,-14.049039930481513,295.92020577793005,0.07408519065303837
276.9966480578978,101.54372768132868,452.4495684344669,0.0023863278077883047
202.58774319496433,29.374722614848054,375.8007637750806,0.022478903363707028
329.47585642078275,176.73204135146068,482.2196714901048,5.0924186256088876e-05
93.74446441166629,-76.90538594647657,264.39431476980917,0.27746525296087776
151.0205807564853,-11.448115110479193,313.48927662344977,0.06800278636101435
182.59447007570498,-6.541541505258209,371.7304816566682,0.058258863654493
181.30377713941516,-25.781658220416546,388.38921249924687,0.08526229724438567
259.78270843255086,62.48655203450886,457.07886483059286,0.010612676387274287
319.4430726662458,162.9445731341875,475.94157219830413,0.00011581725738155489
203.52082986440473,19.143993741465067,387.8976659873444,0.0309481109533593
292.41779696782487,112.41062969490983,472.4249642407399,0.001792184949912822
86.70422873682264,-113.04612384193123,286.45458131557655,0.38961082735874264
193.37194156806436,19.306925723360536,367.43695741276815,0.029917041612784263
120.39494559879631,-49.097027778061374,289.886918975654,0.16100344904888522
164.72649613368912,-31.7689008510701,361.22189311844835,0.09912419077149653
193.7669825744315,2.8478850775782973,384.68608007128466,0.04676089728450971
81.84273594925753,-98.75625825131033,262.4417301498254,0.36970500780174054
95.8298444112429,-87.71435057031806,279.37403939280387,0.30173104871729794
297.26368574389926,126.37544939927889,468.15192208851965,0.000870080978680858
88.29317132627739,-98.66675515509522,275.25309780764997,0.35001114417390344
109.98401457956379,-49.9129108645603,269.8809400236879,0.17474274450983968
224.5506356527476,48.40138510452053,400.6998862009747,0.013145513940750144
246.58226881778046,87.27375318499219,405.89078445056873,0.002859330463739032
134.7461374385921,-44.658404523363316,314.15067940054746,0.13877800698995596
201.3433629149281,17.639507965939686,385.0472178639165,0.03211912569883466
164.91544601062787,-7.1090312417401265,336.9399232629959,0.059993397690824436
124.18499119026183,-60.98625873811005,309.3562411186337,0.18560965054906559
139.23854444925064,-29.003021135102983,307.48011003360426,0.10338593994217617
212.31006643785258,24.245794099088386,400.3743387766168,0.027432890705946483
189.4594765023021,-5.332454014137824,384.25140701874204,0.05644742290670688
152.7862457224428,-30.130066190088996,335.7025576349746,0.10033133944499492
162.2613902956059,-39.02756211321653,363.5503427044283,0.11256919496930395
199.77629903734896,9.77715414917887,389.7754439255191,0.039583830339303
278.2267929486202,100.91080206715776,455.5427838300826,0.0025144464097215653
136.77302373634166,-25.789805674189125,299.3358531468724,0.09792326895798216
211.6200708698234,-11.354521871310226,434.594663610957,0.06254409874110772
243.9652059303371,70.11372320212553,417.8166886585487,0.006579673045321188
168.5640972715496,-13.98080405405733,351.1089985971565,0.06981046853382716
174.17186111847468,-3.24586271327658,351.5895849502259,0.054233992690840144
251.1833335168426,74.56656669371276,427.80010033997246,0.005896089030516322
88.74717763556055,-101.39758313650978,278.89193840763085,0.3556202944775896
393.9915174412258,211.32750801771255,576.6555268647392,5.338909415139926e-05
217.29095480035812,33.6195024289714,400.96240717174487,0.02102444091705032
168.6820613085688,-15.366442858316702,352.7305654754543,0.07183949653221118
258.6352215533452,89.21137225224763,428.0590708544428,0.0032284831981787185
312.7725273697797,137.8575726563757,487.6874820831837,0.0006355655362799994
286.25387100311764,88.18368067125257,484.32406133498273,0.0051742801245570425
210.79276651155806,39.30393696518357,382.2815960579326,0.016676293806824557
-110.6853590727269,-302.6734223715516,81.30270422609783,0.25456839759050987
194.56764187138197,27.357343207688785,361.7779405350751,0.023188259649151256
278.6718003757478,109.86305708122444,447.4805436702712,0.0015236785170414558
297.4860810696041,84.81570896224872,510.1564531769595,0.006729737068854385
27.782800696422782,-176.28625765267077,231.85185904551633,0.7870565901698363
105.17327133927665,-74.67243115103818,285.01897382959146,0.24784390379575225
294.03987183316303,125.19766812085919,462.8820755454669,0.0008591182734707736
228.23014093438132,29.816027547989194,426.6442543207735,0.02472583445066423
166.54397705839665,-19.83553538776897,352.92348950456227,0.07905447174244541
120.6099559157833,-51.508499638208775,292.7284114697754,0.1669565464637235
71.25919100356305,-99.13985694128868,241.65823894841478,0.4076345593419326
225.52256412722727,24.248558404659235,426.79656984979533,0.028580713222077638
177.93641594133305,7.895276711044346,347.97755517162176,0.04050599658220295
145.36244147995603,-28.62689692334817,319.35177988326024,0.10019693965615507
-12.97540356565787,-175.28522631793018,149.33441918661444,0.8738663978040208
106.76692174333994,-62.783050559642334,276.3168940463222,0.21363051749645245
223.83098030436759,92.07822919958954,355.5837314091456,0.0011562633440188592
206.4331611613452,14.557485883312438,398.30883643937796,0.03534346728799822
174.81518858104937,-13.143298956348815,362.77367611844755,0.06785832250082223
250.01360529858584,86.95439326734248,413.0728173298292,0.003102453615409175
145.7085663240323,6.11297360522579,285.3041590428388,0.04100197533953448
32.938909604908986,-146.05571585463463,211.9335350644526,0.7150704171076745
167.20981797794957,-13.12188969444847,347.5415256503476,0.06868822325255938
324.8360724779732,159.06284385099994,490.60930110494644,0.0002072427326218645
89.1520384915375,-82.23295509806294,260.5370320811379,0.3032935965290998
117.44176721948179,-35.414890967851136,270.2984254068147,0.13014380723475683
65.69485346427882,-74.27508320562788,205.66479013418552,0.3527917468099018
156.85389815400958,-37.16227674179444,350.87007304981364,0.11142750574250213
172.5846061959178,29.591124713087623,315.5780876787479,0.018644698831181958
174.9879397892496,11.585216804498344,338.3906627740008,0.03615497576922143
227.98213386494945,35.022982055140375,420.94128567475855,0.021186373141062288
284.30974700236266,109.18894025627327,459.43055374845204,0.0018055201085578885
276.20714455055077,72.2809287953078,480.13336030579376,0.00863526389629661
94.82003660725286,-76.66421690244945,266.30429011695514,0.27435967105926795
294.785152758046,117.9967176406729,471.57358787541915,0.0013742523085589647
302.8269101326441,136.47282156739277,469.18099869789546,0.0005146074725827451
122.17445270772123,-59.66012542263783,304.0090308380803,0.18489508778483899
67.82992845174795,-99.0605196197119,234.7203765232078,0.4208718566087979
213.15748769820857,14.628922442122388,411.6860529542947,0.035686947396322895
57.32628030404294,-119.90123214592631,234.5537927540122,0.5214865316600027
233.72215229801577,33.23836379100277,434.2059408050288,0.022906873617548576
269.49546546588135,129.36585380260303,409.62507712915965,0.00026661931317290303
164.6928712976337,-13.088813272111082,342.4745558673785,0.06893039903808032
-28.771988915593738,-230.60363609871845,173.05965826753098,0.7773122998519801
137.5864930082671,-37.839716195120246,313.0127022116544,0.12246769655768276
51.40920364975091,-125.64746821376687,228.46587551326868,0.5647966695228563
322.92070883063707,146.0315529178223,499.80986474345184,0.000498937563497976
-27.786388567620634,-187.666939953724,132.09416281848274,0.7302370883205582
221.3668064272424,53.70225244903733,389.03136040544746,0.010325895150358994
334.9005373431323,160.89584682794143,508.9052278583232,0.0002567095909325765
190.3318312990209,11.42394495096147,369.23971764708034,0.037363277903860036
185.39654842528898,13.109933779331385,357.68316307124655,0.03529153825145005
100.47704672605505,-67.44824108711467,268.40233453922474,0.2367627386663605
303.6306546061278,128.61308448757708,478.64822472467847,0.0008987986136700974
377.23195984449467,183.90030397533727,570.5636157136521,0.00021354200074539503
306.5125609335946,132.78731020865962,480.2378116585296,0.0007428451154284033
290.26541254889116,131.17840998352284,449.3524151142595,0.0005017377753880859
18.269497320133723,-165.5257250819539,202.06471972222135,0.8435320441396603
43.33085814153128,-144.92538586785983,231.5871021509224,0.647988766394789
160.7283856840163,-15.734572902035126,337.1913442700677,0.07362590317474185
262.44372756690746,101.58722772302878,423.30022741078614,0.0017192913866177946
367.2070946637714,181.2261474771731,553.1880418503697,0.00018424462958217092
257.58781548170646,97.13725932979168,418.03837163362124,0.0020129817888917957
128.62524029225096,-40.49038148616586,297.7408620706678,0.13401949898361282
129.31050929575213,-18.674071442437423,277.2950900339417,0.08585331152337443
153.06905532096562,-39.92649807226945,346.0646087142007,0.11835200585194658
229.94720952841772,51.178749254723385,408.7156698021121,0.012391560106237064
48.50178179871864,-142.79458344224412,239.7981470396814,0.6150635076009892
376.44165219136994,185.45658955161025,567.4267148311296,0.00019340467184765484
274.34640267329314,90.58899670782435,458.10380863876196,0.003930465112902124
446.5289143757277,284.5530342489348,608.5047945025206,4.972125889176845e-07
364.62456769688833,180.40918629561813,548.8399490981585,0.00019537421375359634
266.2726963431742,91.17191049561131,441.37348219073704,0.003347569445568465
193.57360854827994,13.734693646952365,373.41252344960753,0.035243098467682976
134.36864398108537,-38.94696073572143,307.68424869789214,0.12676359860392328
122.07661882959837,-56.77456014136919,300.92779780056594,0.1780974724103649
127.16997757633362,-68.79637301429202,323.1363281669593,0.2001885569594281
184.50968237919278,-15.867904893106044,384.8872696514916,0.07057185549311304
103.30986518506325,-62.99510141395979,269.6148317840863,0.219882345080114
205.3633390227019,30.14273509472892,380.5839429506749,0.02221613307002566
152.84094714310504,-28.068452023069568,333.7503463092796,0.0965409830997369
51.59566938107628,-124.09017011847354,227.2815088806261,0.5604388360450616
210.77269522156848,36.03269247973057,385.51269796340637,0.018714375979312452
231.11668819482793,70.76224494645118,391.4711314432047,0.005290005642505117
282.3861143907193,109.82841756438478,454.9438112170538,0.0016957573861211485
294.2248165309702,88.07105113694223,500.3785819249982,0.00573850447569927
242.6117661630151,60.26405013503364,424.95948219099654,0.009774003481885991
308.143598491351,128.25931471588325,488.0278822668187,0.0010477714485530698
96.088820948577,-69.3137405528083,261.4913824499623,0.2509816204948978
108.67609856348508,-72.10133182986601,289.4535289568362,0.23488996449043337
108.65156787154547,-86.58465705946591,303.8877928025569,0.2709685537443139
273.2364180441741,95.39602604275302,451.0768100455952,0.003045639004091808
271.42726325545163,105.89956959104308,436.9549569198602,0.0016316373936576315
249.96475422273352,57.57694376279673,442.3525646826703,0.011588294814604003
258.0099024569545,72.96292725564706,443.0568776582619,0.006901353636408092
340.8650017668042,182.23097877589058,499.49902475771785,5.3339228785675374e-05
321.0932182866454,116.13427607211068,526.0521605011802,0.0025468850859480707
117.17114096879277,-53.437829398266615,287.78011133585215,0.175433584822511
201.50378083167743,-1.5219918523673641,404.5295535157222,0.051698715442710735
204.95819013291202,10.955893669081519,398.9604865967425,0.03867716641560095
51.20916322351832,-119.40960367799434,221.82793012503097,0.5517869585890693
109.46673018040792,-63.686170084328324,282.61963044514414,0.2118855688258703
72.90251536819551,-88.46138490072255,234.26641563711357,0.3711776021234412
155.1334718544981,-22.15268447843866,332.4196281874349,0.0854298562457335
237.87945156512706,43.69348336522401,432.06541976503013,0.017040052016863125
176.10459502868707,11.493320664521605,340.71586939285254,0.0363371401822404
169.84466212277448,-6.9665630531306135,346.65588729867954,0.05949552693741629
239.42864119199294,77.89190056803892,400.96538181594696,0.0041907590496743224
183.30917875968953,-8.463437355937174,375.08179487531623,0.06072998636563696
82.6485132635662,-84.23684711395782,249.53387364109022,0.32717498466747585
298.65713127662684,114.80931173979724,482.50495081345645,0.001804578462702017
150.2577199417501,-36.47568570766441,336.99112559116463,0.11316438789957038
148.89147443635693,-33.502955805683115,331.28590467839695,0.10815224739933958
249.9305392778233,88.48687884739198,411.37419970825465,0.0028428138019913093
182.63878722159006,20.126084691275935,345.1514897519042,0.028145866688140012
331.57016196318864,150.75112057435783,512.3892033520194,0.00047202813379007417
200.33960596824363,6.06510895915028,394.614102977337,0.043425644743495195
101.47402064418247,-79.86268178892774,282.81072307729266,0.2686038029184551
296.1115241209304,124.06654954622357,468.1564986956373,0.0009916037864929786
52.65306112878443,-145.3424836307664,250.64860588833525,0.5979431154800926
-58.54358832010803,-253.25567848497496,136.1685018447589,0.5511429987668277
193.13204949995998,-3.6760379070827867,389.94013690700274,0.054326620211233474
226.02990711673328,68.54870578766952,383.51110844579705,0.005478574888289001
64.50589920702032,-114.68496846733348,243.69676688137412,0.47571003382810706
178.55123401846095,-5.11467322972905,362.21714126665097,0.05656459371032422
328.3286119360141,167.23033215722478,489.42689171480345,0.00011862069982464736
380.5083353933983,209.95243580157498,551.0642349852216,2.9475931007014e-05
137.0482375738843,-32.25653447798959,306.3530096257582,0.11110045888447
336.30724037234404,165.8940612532852,506.7204194914029,0.00018402139189080277
374.80442696208,184.10506043225035,565.5037934919096,0.0001937360918557084
41.49058089403934,-164.72397609210947,247.70513788018815,0.6898285014245661
173.74770991560717,-2.662492333674834,350.1579121648892,0.053470939716933855
333.4621906405132,137.866162384748,529.0582188962784,0.0010877098359732174
231.84856964336632,60.476681814043275,403.22045747268936,0.008658109828594664
130.9124492803371,-53.436548047449406,315.2614466081236,0.16140790833023577
192.52449172630259,17.319235791233666,367.7297476613715,0.031705770315874494
143.2478706240763,-18.071108860753554,304.5668501089062,0.08099815612883654
132.70610845671627,-26.83825021435291,292.25046712778544,0.10173094828990142
16.852128187750168,-157.9062049530232,191.61046132852354,0.8482054766752872
178.03407866308544,-21.34877653712843,377.4169338632993,0.07934306790994528
213.39571320596724,18.857487865752717,407.93393854618176,0.03199917997276347
223.00913747973482,56.23714331046628,389.7811316490033,0.009440749206440604
98.51312030453073,-76.19143518465197,273.2176757937134,0.2640402377755592
104.3775543707402,-85.98168076118691,294.7367895026673,0.27827744479084626
2.894197240761514,-160.78303959480303,166.57143407632606,0.9720076036473884
309.03842062957483,125.60615023008091,492.47069102906875,0.001232810054164587
243.66003568560018,60.68405638719781,426.63601498400254,0.009747354011859097
409.16037547808673,220.45007405913327,597.8706768970402,4.8117093967145765e-05
179.01414346181718,11.928392178638234,346.09989474499616,0.03607418723608744
20.2903413486074,-178.02509827569654,218.60578097291133,0.8391210370016959
268.0985403737468,103.15390200563644,433.04317874185716,0.001786973821967509
220.1891798794968,44.89395043897926,395.4844093200144,0.014492565386260817
147.0997681018457,-17.073785737794054,311.2733219414855,0.07833154281965184
407.53261770346217,189.0734682223996,625.9917671845247,0.0003848041585763168
31.844775792655128,-132.12969935554406,195.81925094085432,0.700055171257067
163.25807765889704,-14.670437165805538,341.1865924835996,0.07157041396187935
237.41029445808908,44.78260642825924,430.03798248791895,0.016503281662116277
315.07541501867263,133.96680327739836,496.1840267599469,0.0008703437314273922
108.52105994326985,-54.20452780685679,271.2466476933965,0.18814983981928976
156.0407376163089,-30.535122119936744,342.61659735255455,0.09989931931840505
139.01994753052122,-33.8835255462578,311.9234206073003,0.11339725355276777
165.44843507360338,-32.22496871230251,363.12183885950924,0.09963971643130307
214.7629038725563,17.23522350779251,412.2905842373201,0.0335397326415914
107.3422306521793,-79.88264533623678,294.5671066405954,0.25704636740959597
230.73862534419231,69.12734225803538,392.3499084303493,0.005722653025288115
208.04011823158226,2.1713597915600076,413.9088766716045,0.047689816383730974
268.1346489804814,113.25712434864471,423.0121736123181,0.0009443494744088509
93.22990136347744,-86.17480020880828,272.63460293576316,0.3040583313185125
175.95375675462537,4.952649557635851,346.9548639516149,0.04388036141414003
203.47510774517377,48.80733869149256,358.142876798855,0.010590013790231553
302.11306319476716,114.98594812397721,489.2401782655571,0.0019053717106979555
33.64173201851099,-160.19475331643983,227.47821735346182,0.7306214357964629
212.8358890625541,52.65698874367945,373.0147893814287,0.009879146248619207
261.1367506781053,61.72861068633023,460.5448906698803,0.010938506507021701
250.98129334189161,71.1771640861945,430.78542259758876,0.006840837883343026
229.73397134138668,63.27334467777786,396.1945980049955,0.007460774947038707
118.6146396062395,-37.28544579771048,274.5147250101895,0.13384253668865673
307.98879148285505,136.84903093433059,479.1285520313795,0.0005908361437419459
198.36459262967765,30.460883118569484,366.2683021407858,0.021195331513423777
203.95311099066112,18.390129265214313,389.5160927161079,0.03166427666172748
150.2850920936412,-11.172934617741305,311.7431188050237,0.06764641573854048
295.8693592460877,126.0691412570088,465.66957723516657,0.0008606193441887851
303.81888582858164,114.9831930499696,492.6545786071937,0.0019799622921877324
251.6848292919908,85.99230945257057,417.37734913141105,0.003378652280999887
298.5042716759317,117.60289319624565,479.40565015561776,0.00154041227384781
202.72331606947637,27.902108756842097,377.54452338211064,0.023640768740216155
142.14131814750044,-19.519280796320402,303.8019170913213,0.08396564017411869
138.37848983118784,-31.249789024764794,308.0067686871405,0.10828670381876937
305.79082590769804,149.89339450535354,461.68825731004256,0.00019916777178438243
334.14754709509,174.45967328166975,493.8354209085102,7.976897327095508e-05
188.5172994321697,1.6479032365564876,375.3866956277829,0.04806179976364114
225.13320071163025,32.77983533798778,417.4865660852727,0.022391701808250335
267.04085091182924,88.38865169550763,445.69305012815084,0.003891520784192756
276.9421370768673,104.75061202698006,449.13366212675453,0.001982874930207822
85.88872074445226,-110.69142181598806,282.4688633048926,0.3866715732559648
276.142702333324,98.43346828784473,453.85193637880326,0.0027445895749162695
184.13369775436468,21.800785861819662,346.46660964690966,0.026728259952507487
213.6431510175721,21.239613609097432,406.0466884260468,0.03000368405926143
86.37252162767118,-100.55593798155098,273.30098123689334,0.360463194836702
260.8638552182683,96.53586672070256,425.1918437158341,0.0022572643211097
289.17825420560985,117.04446444463517,461.3120439665845,0.0012698251927796417
35.30197020067499,-120.33507755150166,190.93901795285163,0.6528300522363875
46.18887035913576,-127.74197857968053,220.11971929795206,0.5984141483940784
196.70301306821102,21.046276315117723,372.3597498213043,0.028666288082121242
377.9380186774847,189.36081714918348,566.5152202057859,0.00014951511698795244
214.31600153509225,64.83000257257618,363.80200049760833,0.0055285546864045935
177.59141518178785,11.498022140472813,343.6848082231029,0.03644301190987933
317.0368171720793,160.3203871041663,473.7532472399923,0.00013091103853881173
19.935472957842194,-164.3552231938298,204.2261691095142,0.8300473661367181
206.06242804200338,20.502031566761246,391.6228245172455,0.030019381627814413
92.60389933146735,-64.44093192659804,249.64873058953273,0.2439649322112612
-101.29772244970718,-265.0380295648644,62.442584665450056,0.22137046029804172
266.9218037382816,71.96427668514349,461.8793307914197,0.007924998720417704
263.2917496785144,59.309933996897456,467.27356536013133,0.01212606941520241
264.3914008172628,97.36305350300759,431.4197481315181,0.0023062448033408134
124.998634889198,-58.8721928299361,308.8694626083321,0.1797359493135298
195.3384537515799,16.678283455710073,373.9986240474497,0.03253130785356451
219.56778988314545,34.07977383802418,405.05580592826675,0.02097349490633013
335.3595578071613,163.55576749505724,507.1633481192654,0.00021819772449797802
224.48733603055962,21.62359741039151,427.3510746507277,0.030544489571493777
70.09453259239854,-110.1883941389492,250.37745932374628,0.4410656215909202
47.02902095912805,-145.95100658365143,240.00904850190753,0.6288772844272881
211.7337311554552,28.99931496411969,394.4681473467907,0.02374061718614319
282.8898773395031,93.9421209621176,471.83763371688855,0.0038348649455800087
145.73657045984555,-39.37735522382579,330.8504961435169,0.12093165316954228
131.36974544251416,-44.94229925533767,307.681790140366,0.14170889320753793
134.38643357345836,-44.15802975508896,312.93089690200566,0.1378962642570272
111.75040566864436,-75.96408927888217,299.4649006161709,0.2395093235038277
279.7994633766275,125.29842391816342,434.3005028350916,0.0005497639736054017
306.8597503548185,162.5055373955079,451.21396331412916,6.273870903618307e-05
317.6866391598969,150.2115500373447,485.16172828244913,0.00030949041576400216
80.64509849272554,-97.78502970143964,259.0752266868907,0.3709413548874233
287.1891224949036,109.91349856058577,464.4647464292214,0.0018399888519383745
263.94110746782053,89.11471348223054,438.76750145341055,0.003563839499137941
226.3896722774416,33.17147335380983,419.6078712010734,0.022248163109778393
180.28127861088433,-6.6346259265216645,367.1971831482903,0.05848353092884703
218.06456382023953,54.43872813196526,381.6903995085138,0.009664940103723442
89.39201034692678,-76.27660091880793,255.0606216126615,0.28603245264855626
473.19450393549414,297.95319637223383,648.4358114987544,7.772083959507434e-07
304.7960497642648,137.50116923293524,472.0909302955944,0.0005167266005360234
266.73692575330006,75.89834320380231,457.5755083027978,0.006775022842018477
141.71665351163256,-26.96777544900499,310.4010824722701,0.09841899926819339
197.47588572255518,4.073347086514559,390.8784243585958,0.04547970931557559
251.81315599003574,84.87547163966752,418.75084034040395,0.003613780020447476
117.64132994479314,-82.50241424346802,317.7850741330543,0.2452502095677597
129.72590588879166,-36.226387906536246,295.6781996841196,0.12361375936674769
190.90145933523627,0.9940502883677027,380.80886838210483,0.0488425241169429
187.63780312542121,15.247584629276105,360.0280216215663,0.033292551936178624
184.62089482055217,-8.716171928863957,377.9579615699683,0.0609833027262469
156.08237766706725,-18.859735535511618,331.0244908696461,0.0795950251774214
79.49035804352752,-98.33734693287221,257.31806301992725,0.37622333963612486
292.93626954388947,108.64594946847632,477.2265896193026,0.002216284024216275
295.45703808349845,111.53801838641138,479.3760577805855,0.0020018368700579414
300.3616634968407,126.1389947197489,474.58433227393255,0.0009624421764909524
175.57071225795016,-10.792116292766906,361.9335408086672,0.06443588878033552
108.41451532413157,-35.38301666482312,252.21204731308626,0.13736028902976585
227.80719476190052,55.898695450694504,399.71569407310653,0.010057974156849565
214.6457824606723,61.558698579038776,367.73286634230584,0.006621527765984323
303.69931031998703,145.6292332758336,461.76938736414047,0.00027257343562309296
196.8716356172813,26.589158195286416,367.1541130392762,0.02402080153089115
82.66495812402172,-82.48408975224018,247.81400600028363,0.32205889145290517
466.5727475183012,300.0640049256779,633.0814901109245,3.397329919417797e-07
120.26105814415041,-70.82428270074206,311.3463989890429,0.21395184929066885
269.663770175197,108.43649125057294,430.89104909982103,0.0013297532056881882
331.29610392581617,154.65336027444408,507.93884757718826,0.0003573048347214483
194.99815496638394,-0.2899794172028578,390.28628934997073,0.05033266175914145
163.08652507284432,-1.6933792586382879,327.86642940432694,0.05234143404555249
282.1817287263234,130.96845151209516,433.39500594055164,0.0003802974001475738
159.87511955025047,-24.310830773714883,344.06106987421583,0.08793197763583635
97.542868796103,-89.09832714059192,284.1840647327979,0.30121457093401227
117.01038002564383,-65.82216295203352,299.8429230033212,0.20610695359884104
250.47056410349524,80.46443039111372,420.4766978158767,0.004407490793381717
354.1447252044072,166.9455171712919,541.3439332375226,0.0003217211221248761
262.8452450470986,70.5753340466405,455.11515604755675,0.008015670718741357
186.57467931698739,1.843236034645173,371.30612259932957,0.04781207144337405
161.7185871382585,-29.16708570099243,352.6042599775094,0.09565307717812313
196.7528922211818,13.548359031277187,379.95742541108643,0.03564501563046084
91.31137695936786,-79.29779121078258,261.9205451295183,0.2897743431308446
156.28735264578472,-15.637284006585503,328.21198929815495,0.07417147526884679
196.36094471629258,16.365462403363978,376.3564270292212,0.03291264753510714
131.44392559526977,-76.83641629374449,339.72426748428404,0.21271063914709648
261.59809844797564,100.51676058007055,422.6794363158807,0.0017965060388944697
210.2256089298653,40.000008055750925,380.4512098039797,0.016162367049522217
58.674713930813596,-123.03995210972397,240.38937997135116,0.5220284855372548
171.27709863379278,-8.513885395439331,351.0680826630249,0.061586814589570806
321.78217463448027,142.97384110468408,500.59050816427646,0.0005900935292620742
138.54203056736515,-16.830088694242335,293.91414982897265,0.07974431221814171
296.71829281105875,96.3740707015856,497.0625149205319,0.004211441517794772
86.23734321119991,-109.83383834456444,282.3085247669643,0.3833452870792592
112.30891808823435,-51.314167353487875,275.93200352995655,0.17563959609962823
240.32111691356022,63.24335733745539,417.39887648966504,0.008456365263871697
245.4397913636153,72.59133329355711,418.2882494336735,0.005969903769157426
-92.24047556989535,-256.79761213066377,72.31666099087306,0.2678109717088735
367.82054766670217,186.86475510414294,548.7763402292615,0.00012135918891003361
201.12935953005672,42.64052725159439,359.61819180851904,0.01355592878499502
385.17761956640516,209.8648419742938,560.4903971585165,3.8679288729859974e-05
225.04472472102862,45.24442935783145,404.8450200842258,0.014848765659126998
231.368468276351,37.845915355344886,424.8910211973571,0.0197894725349276
332.90401765629804,145.7301240599705,520.0779112526255,0.0006763117733090796
168.70823994598777,-8.203480404429058,345.6199602964046,0.06132443716105107
66.90126356286373,-112.5715197583408,246.37404688406826,0.4601879710619312
140.7277638810633,-16.807353453685096,298.2628812158117,0.07922669654533776
246.49020446207896,68.1952080354645,424.78520088869345,0.007356641706090928
195.45791383483038,1.5382207480858767,389.37760692157485,0.04825362915755546
341.81627974100275,194.15737668535147,489.47518279665405,1.5568177989609597e-05
241.23424857907366,66.83016481804523,415.6383323401021,0.007338637095286521
205.86629920375435,37.08524755020133,374.6473508573074,0.01749717122929347
146.11660449998726,-17.255958787523326,309.4891677874979,0.07886329931047541
7.200816742040843,-169.4695923444431,183.87122582852479,0.9355158830089142
42.62506183607911,-131.78619344830776,217.03631712046598,0.6278825729960352
136.95026674729888,-41.259727046705706,315.1602605413035,0.1300529142900575
364.2852554816245,164.9106492382987,563.6598617249504,0.0004928518071982617
228.02261553047083,38.75128153218165,417.29394952876,0.018881275841857476
184.9729558620702,23.591947360838276,346.3539643633021,0.025286285840581225
233.48710896868442,49.443308800700464,417.53090913666836,0.013633246286986502
130.31773012548865,-50.90344066248028,311.5389009134576,0.15621137905568747
230.25274165453857,29.70811626945985,430.79736703961726,0.02498344139173525
188.76005320316108,18.365092164860783,359.15501424146134,0.03039291962808681
178.75190036530557,-5.759852542852258,363.26365327346343,0.05740561532131433
303.06528736261635,126.12332271753743,480.00725200769523,0.0010346056335488697
265.76562582530323,74.62190374920326,456.9093479014032,0.007041271134798173
211.1374036299976,31.510110890417224,390.764696369578,0.02184445675653234
250.18756412916855,55.31452829140355,445.0605999669335,0.012695063563529728
340.4587240406754,182.61564598967487,498.30180209167594,5.133658019211355e-05
55.65588349508607,-107.13681812014019,218.44858511031234,0.49811207500158716
225.52739600533687,31.054014171221837,420.00077783945187,0.023625872853523928
211.6807663783784,52.30614091667218,371.0553918400846,0.009920341427850464
309.39338048986474,145.62276584231773,473.16399513741175,0.00033236179576649294
228.7921535914311,66.01338854833045,391.5709186345317,0.0065126320438905145
72.09949856584853,-83.50025954378543,227.6992566754825,0.3591138997787918
262.7386116256239,104.58613997648388,420.8910832747639,0.0014472888221608465
101.62048108677573,-64.43776172686108,267.67872390041254,0.2266693069579431
127.34573775553463,-61.29593234922896,315.9874078602982,0.18283562524319347
239.92219274968056,42.90881192112545,436.9355735782357,0.017652319765881077
227.3479106373802,51.16944839507846,403.52637287968196,0.012107948258171065
202.4099451801203,6.630027669370719,398.18986269086986,0.04291603742224206
146.8035689249732,-51.74174234853166,345.34888019847807,0.14503391264357568
247.07934725466203,84.39687713108304,409.761817378241,0.003379343601082285
177.4908066501871,2.0265610240044793,352.9550522763697,0.047474912000453055
264.4342517300024,106.55439359521074,422.3141098647941,0.0013284412522771747
274.2555805513812,76.0089862051945,472.50217489756784,0.007319443070637154
266.0136161001924,101.32489824230294,430.70233395808185,0.0018944422719300307
222.19441066369336,41.55978314204367,402.82903818534305,0.01658694942490196
328.7892522568104,169.57902126410136,487.99948324951947,9.780630512026948e-05
227.1308460188652,75.18180020622282,379.0798918315076,0.0039048634177694433
265.7404339337422,76.458225703701,455.0226421637834,0.0066219314546134105
163.58017796341164,-14.377027049972895,341.53738297679615,0.07105850267632453
295.37596091219893,129.51236114002955,461.2395606843683,0.0006665267539116983
209.12178544776407,37.46979153267708,380.7737793628511,0.017608688910699104
232.53318064973246,74.92391775190222,390.1424435475627,0.004351640239051621
115.00809892294319,-32.51150233319143,262.5277001790778,0.12468923150676345
387.43583256413694,202.82505795115435,572.0466071771195,7.645728958038249e-05
101.84715182331956,-87.58910621596237,291.2834098626015,0.2875651454070198
136.8337834213844,-52.13252558395058,325.8000924267194,0.15340678240955205
75.48079300616155,-97.5407741752214,248.5023601875445,0.3877081592920767
57.101774788356124,-145.29703422873376,259.500583805446,0.5759375716356452
194.13743812418534,17.66689988674591,370.60797636162476,0.03150082284385588
46.63598976472895,-125.08012125643188,218.35210078588977,0.590004883193238
264.30151980941673,94.6818169288209,433.92122269001254,0.0026826969262747817
290.8416551682053,108.60632832039758,473.07698201601306,0.0021341399134453772
235.74039679519,48.38058632420487,423.1002072661752,0.014358975740439981
253.55707186414656,67.42387862625787,439.69026510203526,0.008234864400554211
61.29848651074553,-121.04634099893448,243.64331402042555,0.5052979370023869
319.96899914953383,151.7512682878881,488.1867300111795,0.0003027899525112692
265.95573653998235,63.55686510630423,468.35460797366045,0.010694804003285943
203.4205500942967,24.695083791029248,382.14601639756415,0.026233377229916716
136.49122658256783,-37.761377118533716,310.74383028366935,0.12293225184250388
253.18472213090718,83.84869967406868,422.52074458774564,0.0038802289693522507
184.22174898845424,10.973546824506315,357.46995115240213,0.03745889484780518
162.02625591135075,-23.211444365663425,347.2639561883649,0.0855568820628638
33.35179247751648,-154.69598717728462,221.3995721323176,0.7249565172876451
326.284911613835,131.6623576056991,520.9074656219709,0.0013105902419766956
79.10019875905982,-113.61006979921623,271.8104673173359,0.4161081797466081
239.7770536400726,75.82556164173863,403.72854563840656,0.004695185381809449
239.6309552915577,100.49817416968804,378.7637364134274,0.0009777969889585537
183.77294196450885,15.82735772829767,351.71852620072,0.03243311942653856
27.91651795115331,-152.52612024428743,208.35915614659405,0.7588376380929356
137.51478493260538,-64.94075419328797,339.9703240584987,0.1800443435066446
231.20052722864875,57.488863948822285,404.9121905084752,0.009773595841797236
241.77625632426498,68.64190514444115,414.91060750408883,0.006807579513229065
297.494648822837,150.0194328396253,444.9698648060487,0.00013960066727945096
278.55030308396044,98.23165140364026,458.8689547642806,0.002899026929683241
100.21148421566386,-97.59684041073209,298.0198088420598,0.31623702068540893
337.2355180840905,143.05231574079585,531.4187204273851,0.0009050049032532224
130.52244075857107,-35.444949826168255,296.48983134331036,0.12147118210792561
174.39689548211754,-3.21832774402327,352.01211870825836,0.05418726970299591
68.09826748434125,-106.45597866511864,242.65251363380114,0.4395753300110944
219.9177189806387,31.330793522413217,408.5046444388642,0.022867818689573494
168.16981736893877,-11.417374883017686,347.75700962089525,0.06604438333248165
320.7149861313742,155.8450054881506,485.5849667745978,0.00022280589268639905
264.79054832991824,82.93960461301319,446.64149204682326,0.0048619605113772715
209.5894136231518,19.415830205118738,399.7629970411849,0.03120961437374203
267.62353898572974,102.67718478139031,432.56989319006914,0.0018320155077528434
202.56096384233524,15.726261299894787,389.3956663847757,0.03399856900467464
190.851869588485,33.43353021259108,348.27020896437887,0.018143110646985226
313.71643582433717,126.00412609088306,501.4287455577913,0.0013460530269445682
249.61867423497915,81.38412980097473,417.8532186689836,0.004175501598025369
204.94568653728084,13.48162647279861,396.40974660176306,0.036243428386409135
102.22627342665328,-75.83420075989861,280.2867476132052,0.25631505325049947
178.19293746938365,-17.438246876958658,373.82412181572596,0.07361504609459495
340.7726762670691,172.47608693375165,509.06926560038653,0.00012944615010319443
243.86755240341563,74.10756997628846,413.6275348305428,0.005449021121154559
254.08557934754344,71.7131698895179,436.457988805569,0.006934219787716311
145.70569795041774,-10.629212883003333,302.0406087838388,0.06729288933374147
387.3849983435198,208.52049605341858,566.249500633621,4.688267692556631e-05
264.8468638742488,82.68205969898611,447.0116680495115,0.0049287898344103935
355.3602570437829,198.29295585253362,512.4275582350322,2.3038861885455738e-05
290.91657874711564,116.89624377295331,464.93691372127796,0.0013360234673611344
175.01632469539163,7.64265828848616,342.38999110229713,0.04065467149843053
238.08129356246036,89.35241131596749,386.8101758089532,0.002079218968431258
200.41829086950156,27.279405226105666,373.55717651289746,0.023854598748141054
82.10645434384742,-89.73435697199199,253.94726565968682,0.3441353594879859
230.44512190376417,43.63254311795339,417.25770068957496,0.01628163199127691
83.00941535924949,-99.14203801331513,265.1608687318141,0.36703871320846015
165.15088175284245,-13.084040583364583,343.3858040890495,0.06887256923878658
119.62114005996273,-57.71177586373918,296.9540559836646,0.18293792605407358
277.9269695480848,102.62354404767268,453.2303950484969,0.00227171895705253
184.7008675178099,-15.029909400938209,384.43164443655803,0.06941881187019198
90.54047487069465,-113.67413772487708,294.7550874662664,0.380025316465469
219.24310058015908,41.83489616702934,396.6513049932888,0.01612049749741621
251.99104875795456,59.67519529639176,444.3069022195174,0.010915227071720959
242.4778050259606,73.223413298928,411.7321967529932,0.005589557766243078
113.00346104678465,-50.51699650967427,276.5239186032436,0.17266956588998544
262.14699660559245,69.12469804734235,455.16929516384255,0.008412692033638845
134.19490894367664,-33.79675401422588,302.18657190157916,0.11577430191063007
130.5766381245453,-64.42019093818135,325.57346718727194,0.18632831854824888
356.73659399463213,180.58630369423642,532.8868842950278,0.00012794606767031828
217.02607537418498,49.63157433628896,384.420576412081,0.011723068070623682
36.22626389097104,-150.6475964770469,223.10012425898898,0.7004873235997942
246.861212671482,96.49677905269868,397.22564629026533,0.0016308579503885193
186.2627527012869,18.358423838401563,354.16708156417224,0.030177312007942002
75.41804005043878,-79.1390083375596,229.97508843843715,0.33405363124256315
66.92389563929191,-105.88610457650569,239.73389585508951,0.4429380478729108
298.8339552428056,127.06395153900127,470.6039589466099,0.000868889974830231
242.85686673905957,78.006502764349,407.7072307137702,0.004411650972788404
233.79804636546896,57.24971310005978,410.3463796308781,0.010125429261588787
284.436376606659,93.67464219177032,475.1981110215477,0.003982093019706067
183.6903077070483,28.704449333079168,338.6761660810174,0.02081130622818078
340.5927786419734,156.8285380406544,524.3570192432924,0.0004134955962964609
279.5554885470642,106.30935848900381,452.80161860512465,0.0019139150716115422
200.432787583984,40.294963013586084,360.57061215438193,0.01490157009248144
298.71499028061817,108.88647341094051,488.5435071502958,0.0024403470281392807
63.19516438873961,-103.79772130668303,230.18805008416226,0.45347050715630965
-70.55445859804468,-230.52572934129836,89.41681214520901,0.38259322431880616
177.87920345775956,23.445515149000897,332.3128917665182,0.024590135932344877
244.50639516858428,75.81715427016243,413.19563606700615,0.005059628295497779
116.62765702218621,-40.24874092744494,273.50405497181737,0.14283646561332233
129.65184749724267,-43.38892225378504,302.6926172482704,0.13982254349578335
192.185826721774,31.038927571071866,353.3327258724761,0.020046404615197598
265.1951896780288,122.81574251369378,407.5746368423638,0.0004008744788689755
257.824489302232,74.01835221633016,441.6306263881338,0.0065785251729135
198.83916313670215,31.23262553130394,366.44570074210037,0.020706781140640406
87.79998931525415,-88.51312182644389,264.1131004569522,0.3245568633502446
301.6446215588976,101.8047585147043,501.4844846030909,0.00357050093769084
297.5727594521809,141.3809667008223,453.76455220353944,0.00029240276128343227
94.79028306750115,-82.1542326245737,271.734798759576,0.28940796969324944
69.81392633468522,-98.76745285811253,238.39530552748298,0.41208160758882273
137.03741208423844,-35.459203628001575,309.5340277964784,0.1177877398766952
169.04390632436844,3.340835304918272,334.74697734381857,0.04568207085152058
217.39429140644916,52.68984793686789,382.09873487603045,0.010368911311676752
287.7007085699647,92.65935136102914,482.74206577890027,0.0043608961290231745
296.3321243215246,107.24295710963554,485.42129153341364,0.002536866373282732
24.77489477913923,-160.30751658839165,209.8573061466701,0.7904948673812897
250.55813254928034,77.65936081296482,423.4569042855959,0.00508068688226147
260.3764307715378,89.6469756966705,431.1058858464051,0.0032677690933579154
303.0503166487474,129.7850629137403,476.31557038375456,0.0008382589566567711
203.04811661186704,31.14039083897663,374.9558423847575,0.021228585362788585
188.98795715631422,43.52554540032105,334.4503689123074,0.011555109216626377
-39.19406156281502,-232.6634332040054,154.27531007837536,0.6877399860153379
127.49111995397334,-44.827891162899135,299.81013107084584,0.14478481372388438
204.710966235024,24.988707274310087,384.4332251957379,0.026118598406938275
233.7070180771525,62.16124286196114,405.2527932923439,0.008281862794161614
190.85650792632623,1.0192056916239665,380.6938101610285,0.048812228851354104
185.45153750239115,23.549905561345213,347.3531694434371,0.02531315972573186
-38.18708577411553,-183.72741594003637,107.3532443918053,0.6028470227204423
116.25968453059158,-47.39227992721075,279.91164898839395,0.16122762411936437
110.3511697292206,-75.73999051929505,296.4423299777362,0.2410729098704116
123.05836273588966,-40.71136653917094,286.8280920109503,0.13865057867621922
99.86270047025528,-81.7243439009813,281.44974484149185,0.27670821077462665
132.15786788791138,-64.59855246881705,328.9142882446398,0.18500501666799518
297.73697291111057,140.7740239518284,454.6999218703927,0.00030950281692917694
214.48403522352737,33.326226018258666,395.64184442879605,0.02092877412577126
314.86209549832256,141.2727489783893,488.4514420182558,0.0005373245138950917
195.0865898220345,19.759347445393047,370.413832198676,0.029690788644264866
333.34809313218375,164.84518207755167,501.8510041868158,0.00017725041359219416
81.83036953864348,-97.79350182294604,261.454240900233,0.3672211174588834
278.99997868983064,117.63928322043006,440.3606741592312,0.0009302963630802244
186.96782380130753,11.535513819602244,362.40013378301285,0.03705351914793879
195.63888126773827,13.457021173226877,377.8207413622497,0.03567002506159967
223.55823329887107,39.95709033761298,407.1593762601292,0.017676021050231826
314.9297933081871,144.83539991470522,485.0241867016689,0.0004198946373608074
255.28178464967777,91.86162967359272,418.70193962576286,0.002613792518053501
312.794323528984,142.0109406146948,483.57770644327326,0.0004781184699514057
240.21511396518463,107.11839597750367,373.3118319528656,0.0005716537749912736
254.92394118406446,77.01565465507846,432.83222771305043,0.005550337537871052
213.24570763297015,37.13042850951439,389.3609867564259,0.01832976046526335
342.6087332066859,132.31237180867691,552.9050946046948,0.0017458984565526167
200.68998080570555,-0.17979168727703154,401.5597532986881,0.050200374010088304
137.87465118791715,-48.85921054937813,324.60851292521244,0.14559135398000206
240.26651110358944,68.02006597675125,412.5129562304276,0.006867025317985774
142.04198742603148,-54.674764572568336,338.7587394246313,0.15454238952847252
224.7021789993919,45.90650723464677,403.497850764137,0.014451198769147675
313.65418571418695,128.6720317919705,498.63633963640336,0.00118615518492568
253.15231773743972,66.96007301409091,439.34456246078855,0.008343027495891003
305.7237768258219,113.7914319499574,497.6561217016864,0.00218844488129419
55.38923118296589,-127.00659814531008,237.78506051124185,0.5471720977338381
113.99230754570453,-40.25632866919429,268.2409437606034,0.14521258297977196
50.8187708390069,-112.83212966772467,214.46967134573848,0.5381979904617491
165.7621446295807,-43.508741984508106,375.0330312436695,0.11885260529658011
163.81231502813762,-22.999352233900737,350.62398229017595,0.08470149615259662
141.13829815770168,-34.886711947749376,317.16330826315277,0.1144676793100392
273.08281794240884,78.82365802610491,467.34197785871277,0.006471165790753484
304.71534210313985,105.03870378119552,504.39198042508417,0.003244396419128645
196.0489383422755,28.533784577927037,363.564092106624,0.022403738390462124
197.4132858787284,3.641621992422671,391.18494976503416,0.04594834304665453
231.2514003309102,42.795962748991,419.7068379128294,0.016872063850161018
277.4001606089437,116.37445105107659,438.4258701668108,0.0009686597330819714
186.23760898652836,11.884313219021891,360.5909047540348,0.036623484346197506
229.6957624410411,50.63620440037289,408.7553204817093,0.012608604768423641
266.74047554564595,84.93461936256944,448.54633172872246,0.004594655802222445
367.9578957481813,196.41446071179664,539.5013307845659,5.601256078925532e-05
454.840606189784,282.58432402683627,627.0968883527318,1.2609108332845837e-06
241.84071533939414,63.02376657495674,420.6576641038315,0.008697125804140482
150.32223259617194,-32.120374211035084,332.76483940337897,0.10493286752111577
45.49749104483544,-111.39845727262801,202.3934393622989,0.5653789098091251
91.75702712894781,-100.26859031445389,283.7826445723495,0.34438951433710885
260.1666494079068,74.15624183348874,446.17705698232487,0.0067364832898219994
323.11843574434806,147.5803907433569,498.6564807453392,0.0004499583614991048
-17.62261491791969,-193.50598720317012,158.26075736733074,0.8423989369027294
269.65493841826355,110.71560314979027,428.59427368673687,0.0011444170414871607
160.58270461240681,-23.29829453648736,344.46370376130096,0.08603690613122357
185.88959763385537,37.646966199913095,334.13222906779765,0.014656175769043305
286.9733641042526,115.42943335510867,458.5172948533965,0.0013264811115676176
186.7648349084193,8.010141609022355,365.5195282078162,0.040809747738057636
201.3944103634176,17.093225907672547,385.69559481916264,0.032628588484490156
183.66382878650256,21.4825869700056,345.8450706029995,0.02698155686966983
231.21152430353413,44.68755155536263,417.73549705170564,0.015803900191517166
79.47644199737533,-99.58892220690817,258.5418062016588,0.37961437452102964
203.49391540036595,24.03161287253519,382.9562179281967,0.0267779773230352
305.13727634216866,135.50678998629505,474.76776269804225,0.000596350570656227
253.29880027515037,82.19031206658607,424.40728848371464,0.00423334824955524
103.50196470211131,-84.77320062372146,291.77713002794405,0.27712419008211964
238.31842205619614,65.21455226470422,411.42229184768803,0.007599149940127529
40.8742829374205,-130.72959222172952,212.47815809657052,0.6366812061371445
241.88512366639225,54.05379337219355,429.7164539605909,0.012285961810339443
187.55645059347125,29.426587370687145,345.6863138162554,0.02070818147336408
249.13168233095894,63.52019371922515,434.7431709426927,0.009173028971812065
271.8293440396642,111.04204324224784,432.61664483708057,0.001188748562567686
263.3403912584895,80.30730517816653,446.37347733881245,0.00537423078060183
212.04913975736008,41.87146768102252,382.22681183369764,0.015281016058190355
221.20727047499258,40.693346343410155,401.721194606575,0.017010338926755516
363.6659209714594,154.59332926810427,572.7385126748145,0.0008724767269378958
372.76009186210604,174.93786232721632,570.5823213969958,0.00033740927261847445
89.10470078250955,-107.76354919585634,285.97295076087545,0.3702834060362731
97.48231966293906,-90.20476783149482,285.1694071573729,0.30408438202265764
198.88742295145676,25.51691731391847,372.257928588995,0.02511656541348939
257.82487827643354,87.6049807238162,428.0447758290509,0.0034980512959227363
224.58865325925944,31.97930305002251,417.1980034684964,0.022878182208270165
161.66048112595354,-40.99368633910481,364.31464859101186,0.11626141541532531
228.35811156199588,59.294952573792955,397.4212705501988,0.008758148336972077
340.83013642541346,148.92741894560575,532.7328539052212,0.000690084775870289
442.306634956366,269.1934968497085,615.4197730630235,2.4814881478291302e-06
254.5978867930594,59.50098636150054,449.69478722461827,0.011207561774333937
99.74864898836267,-81.27766487087925,280.77496284760457,0.27597763154145355
154.44716203875714,-15.863412856952067,324.7577369344664,0.07486171674954589
120.54717964566544,-52.41593990731138,293.51029919864226,0.16918702217359227
86.26363650194207,-82.74780025301473,255.27507325689888,0.31265549132504883
260.48046424215545,85.37893262335069,435.5819958609602,0.004054449358345501
165.97011046176794,11.07341778261474,320.86680314092115,0.036057255515947254
44.70478877813957,-143.9422752087687,233.35185276504785,0.6383854855997069
215.42300953680024,35.219313896327094,395.6267051772734,0.019803518386900816
175.5517914453094,-16.171415457886468,367.2749983485053,0.07213071902693034
245.65134683473616,70.37955710216778,420.92313656730454,0.006656692628014321
111.72280656145858,-70.56849117973283,294.01410430265,0.2259123294387911
375.9608575436323,215.28732580089124,536.6343892863733,1.3403038724967525e-05
150.23909408238478,-34.680926112661865,335.1591142774314,0.10978266571204218
163.85134900670664,-10.682029302288157,338.3847273157014,0.06537284937676831
204.04493720257506,40.11153953262249,367.9783348725276,0.015376417074940705
202.12135890462196,6.019745760085698,398.2229720491582,0.04353141608753549
370.9555967107035,194.1741287433755,547.7370646780315,7.650213473717161e-05
295.9243801630887,124.87316228092891,466.9755980452485,0.0009255700687128286
233.32958694946046,30.596380617723327,436.0627932811976,0.024688652534288022
197.75635007451774,-0.9617498092074754,396.474449958243,0.051090825052012255
283.19266707942006,136.12981237498897,430.2555217838511,0.0002573252047665509
194.1284211276552,32.018943991635865,356.23789826367454,0.019581387445067173
326.46702997407556,174.95417603567546,477.97988391247566,5.2260362294393255e-05
129.65729947111686,-53.55639405098597,312.8709929932197,0.16276276921411398
194.6215584098495,11.443233783555229,377.7998830361438,0.037610555429352356
65.11971232175983,-96.83593754609691,227.07536218961658,0.4258438846610665
372.046178082157,191.07169539274392,553.0206607715701,0.00010654138278630406
281.3096190390147,88.470293258911,474.1489448191184,0.004790774342465924
127.66837583792221,-52.110580198361674,307.4473318742061,0.1611144372761828
175.66682018489064,1.8304363841464522,349.50320398563485,0.04769344445147568
164.1352601554704,-10.509321732055838,338.7798420429966,0.0650887101396031
209.96044691138377,29.73747840839542,390.1834154143721,0.02299730981308896
129.84867142968324,-61.22550931332847,320.92285217269495,0.17998758854393368
439.1408417709172,270.5803677758696,607.7013157659648,1.8209983500559973e-06
227.1986282313942,43.27780948852168,411.1194469742667,0.01613630315468748
146.5329777834886,-20.838398763094972,313.9043543300722,0.08526453141636631
257.57851276004385,81.48776004176756,433.66926547832014,0.004682364366968137
185.29931431654813,18.949720685868584,351.6489079472277,0.02951872497754374
199.63804757372736,-6.561718176406686,405.8378133238614,0.05755718575543601
321.38251505081007,139.3577313559282,503.40729874569195,0.000736188153735802
224.3944066379736,52.858139154782606,395.93067412116454,0.011030637856324079
217.8502868043297,17.350991899472803,418.3495817091866,0.03360099566437108
104.54793953462422,-79.06350556424448,288.1593846334929,0.2602547858268221
153.7726228246006,-33.55815440807956,341.10340005728074,0.10621029467043673
-35.79196038975215,-233.1241293353673,161.540208555863,0.7189571358312697
39.61770199307284,-143.28675114050728,222.52215512665296,0.6674294207714229
314.3302660449872,142.86722069520587,485.79331139476847,0.0004727954820371787
165.9965235309528,-0.858226228803403,332.851273290709,0.051160933958531905
213.02153584729103,34.316343830383545,391.72672786419855,0.02009937273913414
212.3632104027979,33.61085515850567,391.11556564709014,0.020513761771479403
352.47774721834,164.38578549128619,540.5697089453938,0.00036191836572550297
286.5757407638971,107.64937796154626,465.5021035662479,0.0020881839212184504
271.4612532921419,101.54440062712331,441.3781059571605,0.0021134539567303854
205.78760332806178,8.280183672914404,403.29502298320915,0.041349490817256807
263.3110526329001,68.1478940293494,458.4742112364508,0.008835339908728375
145.8397493653738,-22.123581936659633,313.80308066740724,0.08779291616779614
292.11172001384693,125.42456113524634,458.79887889244753,0.0008007440452264773
119.63033100433404,-61.82943336085367,301.09009536952175,0.19319345167307436
133.57788478143766,-51.64660835826925,318.80237792114457,0.15479765091643402
123.34915412023156,-53.78434165287959,300.4826498933427,0.16938710389317174
333.88886750103893,157.324181997435,510.45355300464286,0.0003239760286345818
49.794662446403436,-124.76791157463825,224.35723646744512,0.5715398717323061
217.9479074959936,50.74736016018335,385.14845483180386,0.011301197188645619
98.6728378872831,-89.38760068915826,286.73327646372445,0.29943073035588896
401.43592274855473,246.78229678924413,556.0895487078653,1.7894506392928764e-06
311.67161395108633,130.4323860231462,492.91084187902646,0.0009877348056712687
166.89740006070497,-17.504264310120675,351.2990644315306,0.07543005455735036
87.98975281128878,-92.63188157136946,268.61138719394705,0.33512377164264984
70.8624490256334,-91.09899548096897,232.82389353223576,0.38640031776465156
144.77762099196525,-17.95778726019816,307.5130292441287,0.0803590118615795
320.1814698532835,163.1703815339796,477.1925581725874,0.00011628725539868947
253.04189587695782,94.03228953243601,412.0515022214796,0.002191122702076627
225.45096684007194,58.226218520649695,392.6757151594942,0.008881693409194698
220.75922108437317,36.92606611426527,404.59237605448106,0.019229942426995827
137.16490279462323,-22.254156031173693,296.58396162042015,0.09068132993171751
21.13818873659102,-148.81681622778535,191.0931937009674,0.8050542846558097
226.08564906225365,40.87715695672418,411.2941411677831,0.017386723413021346
221.61811215514172,51.922571238464656,391.31365307181875,0.011239219595565945
71.56731324941484,-92.37141968940799,235.50604618823766,0.3872305623244945
79.07681348433698,-89.65117816623393,247.8048051349079,0.3536703383559433
350.2949918358813,143.91901738100577,556.6709662907568,0.0011374794239172555
287.4141480210378,136.40295583965917,438.42534020241646,0.00030515881345737593
174.91424522655007,-33.27366844809012,383.10215890119025,0.0983642158111931
184.3626231850335,-6.291718333500711,375.01696470356774,0.05785495087572258
312.56412362258334,129.9446949701811,495.1835522749856,0.0010407283192580806
253.01379864040882,66.616576030343,439.4110212504746,0.008445530955921777
242.5530202012378,49.95604040411439,435.14999999836124,0.01427830919520761
343.7086893441774,159.98444369563106,527.4329349927237,0.0003710501507420106
235.18814356707844,73.7358198646115,396.6404672695454,0.004865678769440881
259.18844563303946,91.74039007045337,426.63650119562556,0.002846604161317921
200.53320968921798,40.853527392878476,360.21289198555746,0.014519088911881358
207.01171529630892,35.48556857399939,378.53786201861845,0.018661677154926278
399.37903527757226,205.67641369737436,593.0816568577702,9.919595845117272e-05
195.24459888645424,25.10791946138002,365.3812783115285,0.025174657230946085
229.1260557693754,64.62691225955365,393.62519927919715,0.006945282092591901
328.48708867225923,121.64544033203671,535.3287370124817,0.002243897324977445
234.38038664984242,62.23837333771337,406.5223999619715,0.008277587555868647
289.4645270585843,128.24857463711075,450.6804794800578,0.000619071950842692
189.43204795958218,32.9014085272313,345.96268739193306,0.018355910319492394
225.4744013386926,29.2115237649314,421.7372789124538,0.024910167284658464
179.3447804891789,6.703589681312053,351.98597129704575,0.04194133509718363
241.23689915216846,61.43900908080437,421.0347892235326,0.009213264366005895
256.7516604472926,69.7949576329548,443.7083632616303,0.0077542748341903715
13.69494506164665,-167.49714276096347,194.88703288425677,0.8807789505076011
173.68064507421468,17.55102277270123,329.81026737572813,0.029706644671114
148.8149014759233,-27.248268290986232,324.87807124283285,0.09642513751761442
201.92568011446292,4.07034276842154,399.7810174605043,0.04557935256785527
78.52442413761537,-121.91000492884947,278.95885320408024,0.4377447416395145
108.7006295984379,-53.4037926451353,270.8050518420111,0.1857233672520117
58.7557120349029,-134.31328705060494,251.82471112041074,0.5463612494928907
126.55629248659307,-45.15629093981704,298.26887591300317,0.14623888417103043
101.74985982212729,-70.67405553018236,274.17377517443697,0.24321449989474742
217.0460702203295,30.294395333910387,403.7977451067486,0.02336295774544547
227.04215580082973,55.00199734880951,399.08231425285,0.010361787154954172
174.2914322350598,12.518251841706217,336.0646126284134,0.03508028712267122
109.82298767874227,-68.98790301777339,288.63387837525795,0.22505484524117958
112.63796345539367,-56.891805378812904,282.1677322896003,0.18944328226257368
110.29305358256852,-42.256029443424524,262.84213660856153,0.1540342712262927
292.73268713610696,108.91547935876451,476.5498949134494,0.0021791123156228416
90.84560304605247,-75.76562569503184,257.4568317871368,0.2806895583371629
403.2000278879582,233.9303727266956,572.4696830492207,9.415564895092418e-06
173.38492025216328,-18.970942758432784,365.74078326275935,0.07660756690002068
165.74046057026908,-30.001949957120814,361.482871097659,0.09582192802980233
243.8546354917694,51.9854961295093,435.72377485402944,0.01341648662774948
191.53137163968813,4.902683886181137,378.1600593931951,0.04441926333108034
205.09850694135275,30.253143535268805,379.9438703474367,0.02209921216946347
105.43578448202015,-65.09729722990986,275.96886619395013,0.2220635459323059
309.3462561517854,155.66841334894758,463.0240989546232,0.00013948262336942709
299.74088546970324,119.06960793746794,480.41216300193855,0.001449580721751679
200.38348322500815,11.250699551493227,389.5162668985231,0.03813926580319794
143.806172704009,-40.28694471586391,327.8992901238819,0.12394643316549708
175.05045644471102,18.115983313660138,331.9849295757619,0.029289066110571353
59.74142948225881,-96.0749145956903,215.55777356020792,0.44751065748713126
157.86908194473062,-48.373945693625785,364.11210958308703,0.13157858896817462
302.21676593701386,109.15767239170012,495.27585948232763,0.0025622929867385093
182.66247058714407,1.0971594857501543,364.227781688538,0.04866613834918698
268.3448487871401,86.81194036027406,449.8777572140061,0.00429904269873705
323.31470988262436,159.17132659852282,487.4580931667259,0.00018814260023409556
245.2131197968456,74.56126464663097,415.8649749470602,0.005427304585972155
234.99963997881196,44.479354961816284,425.5199249958076,0.016292384155408984
234.41088502794082,29.019028533923716,439.80274152195796,0.02583682858361007
-24.48999543528771,-208.88736374244746,159.90737287187204,0.7921509014264893
192.24130828324178,-3.912301286502469,388.39491785298605,0.054628107736411746
242.91146154891294,76.31173768828447,409.51118540954144,0.004808597420380625
151.17406641958223,-38.93606871678739,341.2842015559519,0.11743826288548022
141.1509764882535,-20.756538786291998,303.058491762799,0.08656893934815837
385.0049297626647,234.43442610705327,535.5754334182761,2.423676886870932e-06
297.6756056875388,121.9288129668154,473.4223984082622,0.001184367566716747
263.0260514423908,109.10845151259338,416.9436513721882,0.0010579663483258975
128.18847094669763,-65.76464083241052,322.1415827258058,0.19192763459707698
29.464196496062414,-143.0119686055419,201.94036159766674,0.7346740645544392
108.47290808706748,-90.31857219330584,307.2643883674408,0.28063335173930487
221.460976179892,55.13347865332247,387.7884737064615,0.009724486192267104
208.15212138240076,60.83389926334908,355.4703435014525,0.006209179374108138
97.09013338862042,-93.89149391459335,288.0717606918342,0.31458930895996
262.35537801053033,90.82831156476863,433.88244445629203,0.0031813221152791537
115.05913261707383,-76.08201294513444,306.2002781792821,0.23435642607519613
192.20884447326034,15.140543606077472,369.2771453404432,0.03375820199412934
166.32215823074375,-29.691205148750527,362.33552161023806,0.09513564032460489
322.13352225287963,140.30212884842734,503.9649156573319,0.0007207801050223461
162.1074369070834,4.194031559308854,320.02084225485794,0.04436692718052557
244.40607411171413,46.64802078481762,442.16412743861065,0.016088525662659243
194.9974536331979,23.29800557583124,366.6969016905646,0.026546821310176466
116.39578730614357,-66.13443924539189,298.92601385767904,0.20802679851852868
158.44649515137417,-3.093875118660833,319.98686542140916,0.05443882035684482
215.03741342972216,10.08782719827397,419.98699966117033,0.04001112446377498
187.40591030529185,34.12100021722159,340.6908203933621,0.017248187571195426
299.4875402799066,126.13974021819519,472.83534034161806,0.0009497034643441203
179.64643806257163,-12.443866610814098,371.73674273595736,0.06638636017011491
354.6682156057682,168.37643447983106,540.9599967317054,0.0002977867244058975
91.82057086951181,-73.15504029125802,256.79618203028167,0.27124246810530206
427.8556016346679,240.0548584928026,615.6563447765332,2.098682922885332e-05
122.68735562665961,-38.95637942764637,284.3310906809656,0.13480999592517612
385.3327161373709,196.75428389589487,573.9111483788469,0.00011283774052625203
252.71851586161347,53.49300822189332,451.9440235013336,0.013584237259682021
168.93639525527396,-15.646220039070869,353.51901054961877,0.07224121095116866
209.44845865988327,30.471176426629825,388.4257408931367,0.02243630679702634
346.21447997957785,163.69467700487294,528.7342829542828,0.00030954326704463826
173.88048430509662,0.16886164450582442,347.59210696568744,0.04978317161479238
291.9146684713469,161.71780451333325,422.1115324293605,2.6803578233477024e-05
116.90665996146481,-68.93246470460289,302.74578462753254,0.2141154802628539
260.2136587679065,94.00271797702649,426.42459955878655,0.0026273528863601054
237.2923670076534,56.60306205504577,417.98167196026105,0.010722766449389081
91.56107354173582,-85.32735510369545,268.4495021871671,0.3058236849279144
127.06678360211345,-62.06183146981397,316.19539867404086,0.1848979453853506
68.35681284106295,-98.18090424518365,234.89452992730955,0.41609875952909037
240.26326733967744,70.36004846061235,410.16648621874253,0.006167519777193796
332.32603734117447,194.99097208073522,469.6611026016137,8.738520669674164e-06
62.2574386432525,-110.5470871143967,235.0619644009017,0.47524052801397554
157.1901648908406,-12.496708082070057,326.8770378637513,0.06889641438450758
398.36945093034274,214.20292700808355,582.535974852602,5.367246971765462e-05
179.78366176983764,2.978127372210423,356.5891961674648,0.04635482548847742
92.52975646959112,-63.832159314411456,248.8916722535937,0.24222093944958578
63.6389275378574,-109.44008100838761,236.7179360841024,0.46625111100719785
242.9028857940425,55.032218061643704,430.77355352644133,0.011955268833824213
271.7982621303672,84.70042111130957,458.8961031494249,0.005002452742656641
203.82205062574212,40.917584637543854,366.72651661394036,0.014923902430045455
87.314650609826,-84.05549289137889,258.6847941110309,0.31354970928065223
277.0786456709611,100.78040476490969,453.37688657701256,0.002467802466278493
247.92678988092348,82.6340480440025,413.21953171784446,0.003780535317583714
300.3053320372728,117.11931892174891,483.4913451527967,0.0016362702323441066
180.5059848269957,1.0618141976339928,359.9501554563574,0.04869237435033318
-19.623273126962886,-196.7004308013609,157.45388454743514,0.8259631669371322
132.76841362183904,-50.3927132438144,315.9295404874925,0.15275468756518215
109.0359799574021,-66.03796293739566,284.1099228521999,0.2186504239024546
32.82480190237675,-166.19905965740486,231.84866346215836,0.7433776534329728
299.6699411370346,114.33102635471892,485.00885591935025,0.001875726729713952
75.11065071804342,-100.6144379438781,250.83573937996493,0.3973690860867436
201.02567797031543,43.87316926071966,358.17818667991116,0.012886705421320853
252.7273798727001,91.49999519918953,413.9547645462107,0.002533923081066269
210.56619686356498,28.514441462972513,392.61795226415745,0.02396969904411397
353.1502171464126,161.51002248654024,544.790411806285,0.00044824335546137607
125.18949165615322,-23.073940439398086,273.45292375170453,0.09675036196863374
336.7934825557677,144.24923767235606,529.3377274391794,0.0008261177331946765
175.86010274699447,-6.530049725119568,358.2502552191085,0.05856547840781372
208.9609661867371,37.19840727676501,380.7235250967092,0.017756320370723427
209.98022428555487,25.753051195538063,394.20739737557165,0.026027978521050654
122.68809720722084,-35.2060307967663,280.58222521120797,0.12590466498820735
230.3269685495311,34.20029729757735,426.4536398014849,0.021951388329429774
241.77058593266747,67.14169248257804,416.3994793827569,0.007275747291789869
381.68410777913186,216.89367452518198,546.4745410330818,1.541829131747364e-05
233.40593325653117,63.13235607173502,403.67951044132735,0.007856042480621469
149.68294102459322,-20.124975973067507,319.490858022254,0.08317902810614751
198.88118063155935,3.5075038065126876,394.25485745660603,0.04612626918774434
187.9239460889653,-16.667853002597553,392.51574518052814,0.07126756692361184
254.71576885314744,75.2401643955734,434.1913733107215,0.005995527911801442
314.69374155779224,120.97924285763995,508.4082402579445,0.0018121940367341808
210.1170772558885,19.62866822832183,400.60548628345515,0.031066262877883388
348.6533227429336,192.44960580073862,504.8570396851286,2.8972093471215326e-05
187.6422406458246,20.90538237159268,354.3790989200565,0.02791080542380807
215.74733089463598,35.91183088265055,395.58283090662144,0.01934596476115763
96.01131431632166,-97.98155515330384,290.00418378594713,0.3275088841947881
89.67876497244015,-95.28910268711616,274.64663263199645,0.3373639595700554
375.6503752880217,197.37009566825338,553.93065490779,7.18309636669926e-05
128.63969723262198,-23.625174749154127,280.90456921439807,0.09656944558548633
156.5339380810633,-40.17302121302913,353.2408973751557,0.11717730722183921
212.23531591632263,32.82430503957207,391.6463267930732,0.02107322070333668
189.51000441954875,6.426814180937981,372.5931946581595,0.04266476730988042
250.47183235356624,80.15232913856235,420.79133556857016,0.004477218654661046
80.03958951484037,-90.49064245985048,250.56982148953122,0.352963194642381
99.04072611635866,-91.21594081051052,289.2973930432278,0.30323250748733865
-146.9432410781219,-334.9744362456009,41.08795408935708,0.1237864748813955
170.81048475106854,-13.68577431793048,355.3067438200676,0.06910227386088717
77.96273082839934,-100.07430345028192,255.9997651070806,0.38599065572142155
186.51754759727464,8.61415489095188,364.4209403035974,0.04013374581969054
-26.624796359665197,-192.7657729848622,139.5161802655318,0.7505452426245122
144.2853502351354,-40.16334945316373,328.73404992343455,0.12343610473558277
245.21429368877625,85.9596244573452,404.46896292020733,0.00300709796445987
150.76877111607928,-22.308366254319793,323.8459084864784,0.08677454701782787
302.7956592394876,116.99428759579004,488.5970308831851,0.0017342024089629557
304.4137492941263,136.63041820595603,472.1970803822966,0.0005503695671084716
46.065709592192434,-118.34821491709329,210.47963410147815,0.5785455278252039
246.22671362399706,67.3277651124854,425.1256621355087,0.0076125133839090595
280.0998160967911,106.34150771142066,453.8581244821615,0.0019330302330140459
175.02388616075405,-15.17256116252139,365.2203334840295,0.07075386144986068
207.8980377452217,35.02093630178132,380.7751391886621,0.019067376305662458
212.21537284050828,45.22948505806485,379.20126062295174,0.013445704086573453
124.43286269564624,-59.423829913483274,308.2895553047757,0.18175156751203184
24.77160485699551,-146.12923297407812,195.67244268806914,0.7736656662610422
120.34049443301956,-35.249766382602274,275.9307552486414,0.12764691661929545
76.85516822442878,-108.76547600817622,262.4758124570338,0.4122817995028908
198.33567326033562,23.089633796805856,373.5817127238654,0.027065899472183054
267.7572623617225,113.21902903502755,422.2954956884174,0.0009093360252972184
128.90043067274473,-69.14163378399783,326.94249512948727,0.1988427784511151
140.45369616199878,-34.17819716144376,315.08558948544135,0.11336320405712697
298.6943413385129,106.05612468670535,491.3325579903205,0.002812599954115476
258.1402155877822,94.32396107333076,421.95647010223365,0.002414709663850455
170.81409981280058,-0.7583072765749534,342.3865069021761,0.050996284640976844
352.9381302152633,155.43256815200237,550.4436922785242,0.0006496840758197107
311.99548320897475,150.74881670694913,473.24214971100037,0.00024305115887570173
266.609999460205,91.72015005566462,441.49984886474545,0.003271727642673301
40.87285825063691,-120.43774761183113,202.18346411310495,0.6151471852149268
134.50001390263924,-31.57472081250134,300.57474861777985,0.11084681804276296
316.6083738976304,151.479384948933,481.73736284632776,0.00026908863611457585
257.6825912880481,48.15117014404953,467.21401243204673,0.016610100805795846
214.4932777861759,36.810449029673464,392.1761065426783,0.018628268207545116
188.9380597331592,9.82718138605469,368.0489380802637,0.03895718461649941
83.85614891541718,-91.42150128293787,259.1337991137722,0.3437480007623879
90.52971709854091,-116.68925515062978,297.7486893477116,0.387100153866485
219.8695912313151,50.32003529752279,389.4191471651074,0.011724328752303823
283.44297259208633,112.27783693770232,454.60810824647035,0.0014773876336879324
180.60709029250393,21.93888347848491,339.27529710652294,0.026216106373685138
114.91547498530963,-70.54888221828364,300.3798321889029,0.22098791172129262
347.88841485632383,170.9680722619545,524.8087574506932,0.00019453596441147244
190.41493297049055,8.785762093875405,372.0441038471057,0.04014610737451538
165.39796349216567,-5.297859085992769,336.0937860703241,0.0573597393693571
296.6905004938999,115.50213476311384,477.8788662246859,0.0016548867504477464
59.871827085926725,-113.24891902752995,232.9925731993834,0.4931476152918729
133.24698578154175,-46.21855255491025,312.7125241179938,0.143391148989988
150.56475750675463,-27.598363567318785,328.727878580828,0.09647961203876446
348.78382321582467,175.67452451633335,521.893121915316,0.000141267574979159
240.77309111135537,57.70358135721301,423.84260086549773,0.010670034355786487
126.35206130957022,-34.88053961863881,287.58466223777924,0.12275356203722014
178.60513616690514,-7.772482478936013,364.9827548127463,0.06009440946748388
436.9939065304029,240.76250486322974,633.225308197576,3.0498633946600708e-05
167.4814568885754,0.5121399179903676,334.45077385916045,0.04931979516125123
206.3134491698629,38.28555056582786,374.34134777389795,0.01680275933846171
288.12862193369483,109.7512417644792,466.50600210291043,0.0019067551150070022
-70.94638334032697,-243.50603945204958,101.61327277139563,0.4155504063597525
159.49628546489612,-15.476701359059376,334.4692722888516,0.07340195470806857
140.60884460082798,-34.11117612794706,315.328865329603,0.11308871349269416
168.6218235535307,18.46081018558243,318.782836921479,0.028243955094872736
286.4266785090763,104.01937739649856,468.833979621654,0.0025009103566409193
184.61148779594805,-19.96290117803312,389.1858767699292,0.07624216536034686
319.0935024332848,144.63931037035215,493.54769449621745,0.0004889152293367796
144.52382689074875,-32.329990294845516,321.377644076343,0.10776186971046378
103.82154643466993,-83.9474483664651,291.59054123580495,0.2743706898990478
74.95004258230028,-80.91649865490115,230.81658381950172,0.34098299407192023
249.38877334910285,79.53281565327299,419.2447310449327,0.004534314187507094
314.6478275816494,96.26776911729743,533.0278860460013,0.005310937037607195
206.3907196517007,33.26705205587501,379.5143872475264,0.0200881199113937
100.69271956170041,-80.00337394421234,281.38881306761317,0.2705428983352225
142.52921145081564,-40.03498234869079,325.09340525032206,0.12416839404949415
183.1534256945547,9.925694610479042,356.3811567786304,0.038519080161943275
257.29960115649965,82.71269831913531,431.886503993864,0.004414877800120994
183.84383404209075,8.603809721245796,359.0838583629357,0.04001388213361917
14.604279721443618,-153.27962998780995,182.4881894306972,0.8629312014881549
269.1561092302545,98.66512585550407,439.64709260500496,0.0023683027976878447
308.1270406215167,139.36108744011398,476.8929938029194,0.0005043345034697437
235.1588801615926,58.21671326104499,412.1010470621402,0.009851850550304351
101.99411587284158,-81.69723008710179,285.68546183278494,0.2723752218709642
410.7552062347959,218.86356673212975,602.646845737462,5.6893419721931404e-05
131.90299772102526,-46.02083952713687,309.8268349691874,0.14399143505869255
300.6868626845094,107.40078027563473,493.97294509338406,0.0027262264605795897
93.53106311880674,-77.97668738858101,265.0388136261945,0.2806423314202481
40.95149880580311,-137.0999664493568,219.00296406096302,0.6482661206858213
293.9350640196135,108.10862060334424,479.7615074358828,0.002323034122943829
70.99954716110824,-84.83138126883293,226.8304755910494,0.36672099280337733
249.1463127973866,92.01770229701884,406.27492329775436,0.002269295841305467
265.50288135768506,110.70160932548049,420.3041533898896,0.0010207820251284271
173.66848064545866,-3.366426308378891,350.7033875992962,0.05440184763425634
284.25905139203905,110.55807383971751,457.9600289443606,0.0016633650487435155
22.245386344754934,-156.70279432140703,201.1935670109169,0.805178328793797
153.67774172083728,-16.85260509814944,324.20808853982396,0.07660851142281619
129.03251298354417,-60.0807193568165,318.14574532390486,0.17824436058201276
158.10719542376455,2.575477600494793,313.63891324703434,0.04641486238463829
256.1914196534449,74.42974951821782,437.95308978867195,0.006330216202916682
43.573058846960976,-120.0317742737341,207.17789196765605,0.5974285552106781
80.98289946578734,-100.79154876284198,262.7573476944167,0.37783273870031897
18.794262690239975,-150.58288014623807,188.17140552671802,0.8254188231517118
218.13462734564973,50.030938168585294,386.2383165227142,0.011653780208476908
247.6838790107754,105.1780267372765,390.18973128427433,0.0008804107215699252
430.253353534913,241.59364623057613,618.9130608392499,2.1309006784142098e-05
163.02223953718112,-9.985902085663042,336.0303811600253,0.06439656806033711
167.69093346084355,27.476688350579877,307.90517857110723,0.019714484931224397
89.14257669477865,-69.06915368918891,247.35430707874622,0.26536940958582245
87.13749095532967,-123.24271278182604,297.5176946924854,0.4121006094709887
211.28577461741952,43.63036813878202,378.941181096057,0.014184344006730716
189.81045530320534,-2.418008218603404,382.0389188250141,0.05287655684360084
62.78823351571509,-108.37690474206681,233.953371773497,0.4673523083785227
156.32861425044757,-1.9341350720119408,314.5913635729071,0.052793882072827286
246.1675671085327,81.04669992553309,411.2884342915323,0.003985515599003805
249.82547143405327,63.18902233713189,436.4619205309747,0.009356014309971033
213.5720352110602,23.567304184470316,403.5767662376501,0.028090499795274018
310.59232845539054,128.98697499754707,492.197681913234,0.0010502051491841663
128.47729926807233,-47.20744056556623,304.1620391017109,0.14941517937320678
167.5603459952472,12.637253723119812,322.4834382673746,0.03439124842519493
101.74556902166205,-75.50453129364558,278.9956693369697,0.25661975801905107
164.31766735779001,-7.919316005014309,336.55465072059434,0.06122031158819659
178.0160447525568,14.422221034800486,341.60986847031313,0.033348401841783025
139.67677418227458,-46.0591244640884,325.4126728286376,0.13835258942916284
109.45509630637571,-100.86999208061687,319.78018469336826,0.3032484880594238
127.6906555580972,-63.35605317415573,318.7373642903501,0.18715702223284875
250.94673553427492,52.84705132745927,449.0464197410906,0.013767641412896079
134.8607397595947,-41.9396018958513,311.6610814150407,0.13281235215156342
132.80704930458342,-41.569858115776526,307.18395672494336,0.13343187027649187
214.40714766476822,55.02054882285131,373.7937465066851,0.009026279030727719
164.2071193106981,-13.882069693703528,342.29630831509974,0.07020527736141866
172.90902179397335,-4.25071873408848,350.0687623220352,0.05561461148591188
268.69253007257066,80.88457598508023,456.5004841600611,0.005670198438803222
158.73602451527677,9.537155319466137,307.9348937110874,0.03735056043799981
286.6751774939353,98.05379556340756,475.296559424463,0.003378483640186625
201.14171375163596,33.04341530351007,369.24001219976185,0.01964970973726945
85.00366732959083,-86.84893750994823,256.85627216912985,0.3277749896738428
198.42825851137832,21.5527480892097,375.30376893354696,0.02839350082206645
281.1912366550928,88.38550592808323,473.9969673821023,0.00480427626310784
276.23734257056094,92.6296967280519,459.84498841307,0.0036756556191418354
240.83516604890747,66.63279589577226,415.0375362020427,0.0073635541939224836
234.90919332337944,57.38698681221709,412.4313998345418,0.010162621343720231
-4.607060364450717,-199.68222332058596,190.46810259168453,0.9626134238686641
165.02167969016955,-3.739587519515794,333.7829468998549,0.0551665505479589
96.30863242726491,-76.31491756826526,268.9321824227951,0.2701018032817521
129.19292773607867,-46.80972160825738,305.19557708041475,0.14790163899515602
247.2372983170112,52.38171657658765,442.09288005743474,0.013566133766207807
317.0809500888031,137.15433892083274,497.00756125677344,0.0007567071699796091
337.3246023066531,146.1097635699299,528.5394410433763,0.0007428944305131964
116.83018980815177,-64.53930924375496,298.1996888600585,0.20315736636104134
135.60988718827412,-31.072911903798627,302.29268628034686,0.10932146683670252
206.98603270232388,24.32404298970536,389.6480224149424,0.026883406802692262
372.4482754187552,192.1395270110541,552.7570238264564,0.00010023000423921462
130.94136420819632,-46.21671158716376,308.0994400035564,0.14513302908483047
140.1281048619544,-23.89664412885918,304.152853852768,0.09296069355895166
156.95165922703018,0.6927787702046828,313.2105396838557,0.049017722422407595
267.78558546578415,94.12382629499166,441.44734463657664,0.003014735408808918
180.0742413742637,1.9520173604069555,358.19646538812043,0.04760196515680721
187.87949995795043,-4.182767449765436,379.9417673656663,0.05507467447741044
199.06742548890634,38.026599487570905,360.10825149024174,0.01614718012564972
183.951262684187,-18.109236802675866,386.01176217104984,0.07376677041249544
148.2915502836113,-16.873303660980895,313.4564042282035,0.07764187093596203
341.52145766808826,174.86270379847298,508.18021153770354,0.00010808769486702156
355.6594087027893,174.5342913324688,536.7845260731098,0.00019817184684608522
199.19962151084928,12.713558534058023,385.6856844876405,0.036618869723350135
136.705231898668,-1.1365752906302191,274.5470390879662,0.05187227035276393
289.76659605949817,92.94898558107312,486.58420653792325,0.004433000675150878
210.13312269351172,29.089481921623502,391.1767634654,0.023495484837050898
268.6620639693724,92.80359058910625,444.5205373496386,0.003253021545570701
111.49176692179162,-86.21486257662454,309.1983964202078,0.265010127653254
117.229775402418,-69.72395923866847,304.1835100435045,0.21547294598722602
149.03669834891616,-14.666527561607182,312.7399242594395,0.0737557977154402
137.63701860847095,-33.269262594528755,308.54329981147066,0.11289296665088236
125.49932730597948,-64.7573433378405,315.75599794979945,0.19295664268703314
116.17893171986498,-81.51598371273931,313.87384715246924,0.24554611321944278
236.46924625570819,78.06479695216629,394.8736955592501,0.003933766622630266
104.44085359974633,-77.884887777085,286.76659497657766,0.2576036526177818
182.44002766101448,24.127228056650722,340.75282726537824,0.024467779119393854
195.55696538319307,-8.074668476942719,399.1885992433289,0.059558368588540786
235.4441175962611,72.65070644465305,398.23752874786913,0.005146932231856064
238.5141262290631,46.88891166216072,430.1393407959655,0.015373627908839903
127.50056305657199,-45.64088036543728,300.64200647858127,0.1465715751381132
145.37905922742175,-25.009543419232756,315.7676618740762,0.0933589224161138
146.1053803607624,-31.36513385750615,323.575894579031,0.10524079910790007
192.76178186739116,35.91215461078096,349.6114091240014,0.016679339453384234
358.9546316664132,197.3702985473449,520.5389647854815,3.20277036692333e-05
171.96129219264867,-14.65710636799713,358.57969075329447,0.07038980729786176
297.60578973207157,112.26873259982423,482.9428468643189,0.0020075085033945343
247.87473554843973,74.87381328610718,420.8756578107723,0.005551442759338574
130.54285359767846,-43.51866299729747,304.6043701926544,0.13944440243520534
125.11041914740326,-40.51213922604461,290.73297752085114,0.13665151307380952
93.49712808698678,-103.05657325374398,290.05082942771753,0.3465304371138771
178.6324953189369,11.481377058247773,345.78361357962604,0.03653177570453114
145.27372991204584,-29.778897844562294,320.32635766865394,0.10247088863257646
119.90563749426747,-73.04648682463193,312.85776181316686,0.2197305071070951
133.40017339488531,-36.510111191970054,303.3104579817407,0.12208770931152925
312.3440588544936,132.83891615650177,491.8492015524854,0.0008697209256137461
226.3744071410888,30.925012791038625,421.82380149113897,0.02377785843534426
48.83283016682117,-119.17488518515023,216.84054551879257,0.564274166501949
203.39075885566217,31.3781653796936,375.40335233163074,0.021090571616012466
129.35155926430753,-68.16288098784025,326.8659995164553,0.1957045375812293
363.51761181091933,199.44978232634548,527.5854412954932,3.362836056564838e-05
161.53546715404673,-7.585593377596439,330.65652768568987,0.06092240361696328
401.04172855595834,219.8541264577851,582.2293306541316,3.375431241114425e-05
104.51144684529345,-75.10946549580174,284.1323591863886,0.2501391695366667
272.9633427866238,111.93330628041303,433.99337929283456,0.0011548523431906383
146.3589586316998,-28.35673394757589,321.0746512109755,0.09937964493159884
223.19530474893008,51.32124577258537,395.0693637252748,0.011600582191408118
174.81645062039343,0.6946792013332299,348.93822203945365,0.04911533052377622
337.9521807298561,156.68168126069574,519.2226801990164,0.0003932521440114682
87.67015592685857,-103.77799971664314,279.1183115703603,0.3644632753892153
129.6998624546777,-48.553756828998104,307.9534817383535,0.15135883626427216
336.36646772490485,160.57062699332823,512.1623084564815,0.00028804763858439103
248.24366447561079,81.42108051519759,415.066248436024,0.0040437366998923386
271.04616868180574,78.86152146591832,463.23081589769316,0.006325417763484369
179.4040513462628,0.6389719029496916,358.1691307895759,0.04920672331004224
404.1351540258156,208.4463158028091,599.8239922488222,9.648383014512243e-05
122.93260894077002,-84.90436812712198,330.76958600866203,0.24235256810890593
138.7527849189073,-27.92282590832616,305.4283957461408,0.10145024570154901
182.86596286495296,6.547109360466521,359.18481636943943,0.04228055608608855
80.02056722945645,-86.7830928283721,246.824227287285,0.3424715500627916
327.5563151868978,138.45629281321334,516.6563375605822,0.0009269415926440642
71.39330374867131,-87.53321416845964,230.31982166580227,0.3737277529691202
250.05063067209267,72.20683597310901,427.8944253710763,0.006456761223932637
112.94790943271391,-70.85476314378005,296.75058200920785,0.22485259566570004
230.51330809508,85.02477458581083,376.0018416043491,0.0022887520844603326
256.3864957030992,81.15211697164432,431.620874434554,0.00470371166228417
164.41187207728217,-13.866406327046036,342.6901504816104,0.0701672280629963
249.27997536399653,87.08187381370726,411.4780769142858,0.0030915072462977394
131.6348817594253,-44.44399836930839,307.71376188815896,0.14061795101424038
215.76454967690734,42.04119611373844,389.4879032400762,0.015601245920950942
226.630250704633,55.76011272554814,397.50038868371786,0.010011917216973917
148.3686293225769,-9.778860834363002,306.5161194795168,0.06554732911781128
181.39842641498853,-4.824377070615299,367.62122990059237,0.056082067579480074
294.1481869283116,103.57830030084085,484.7180735557823,0.0029250452271298495
230.66756552508105,64.66423034478458,396.6709007053775,0.007075251978423457
312.9831165902351,146.8221235399898,479.14410964048045,0.00033855668076543323
244.2699073068743,78.06479599530667,410.47501861844194,0.004513597204159587
278.71784665598307,72.49404715550051,484.9416461564656,0.008722825172551999
163.7263083252451,-6.74842765998909,334.2010443104793,0.059542988064187195
78.07058387256893,-85.14353845331601,241.28470619845388,0.34386615909546103
27.319315741818627,-158.7406379069557,213.37926939059295,0.770692765349255
189.1143716108827,28.20969893187828,350.0190442898871,0.021866922681173094
99.58817877912361,-94.03821397224993,293.21457153049715,0.3090209126724545
189.5307956174588,-9.668403334547463,388.7299945694651,0.06189410645874231
212.53796469920553,42.714252391531744,382.3616770068793,0.014840125918097798
203.18357800145486,26.215726352038587,380.15142965087114,0.024983193326588486
114.87772974353265,-59.715771124181686,289.471230611247,0.1940656661558171
271.28995507938725,103.30046376469829,439.2794463940762,0.001898827727549187
290.7629515542467,87.26484363346049,494.2610594750329,0.00574556937382754
148.73794830031557,-5.464806363501765,302.9407029641329,0.058476293608214575
141.3468767071331,-27.07144252193899,309.7651959362052,0.09876118639510399
43.321035262579244,-138.4913374227132,225.1334079478717,0.6365589512669927
252.677957908591,66.93845314058476,438.4174626765972,0.008328847813775037
276.70660443350835,94.35170313874448,459.0615057282722,0.0034374970597331376
209.4103580549131,48.467927813396216,370.35278829643,0.011436467627671882
130.0897472187371,-52.276527943550406,312.4560223810246,0.15954668042068051
350.29533038920954,154.52209554383413,546.068565234585,0.0006355481010438015
124.12611715550565,-68.53400766774934,316.78624197876064,0.20322789421726467
237.85522339348836,53.69633871544363,422.0141080715331,0.012069040975794287
256.6691216154236,79.61411527113702,433.72412795971013,0.005045980345661764
227.0379963366463,55.00925924338472,399.0667334299079,0.010413694393868748
232.43091077417102,58.645851500972185,406.21597004736986,0.009428679459038452
285.0077638893649,108.15226081473284,461.86326696399703,0.0019909711491276224
-8.653636323190767,-171.01188828196933,153.7046156355878,0.9157625589833243
289.88948023619605,131.13549172215207,448.64346875024,0.0005008341255000048
199.07579278756612,24.744236326427085,373.40734924870515,0.025792694051793623
128.05776262748986,-74.43233062436127,330.547855879341,0.21144692339222546
167.2175444307968,4.186066149223564,330.24902271237005,0.04453758390238831
101.6628724934867,-73.92538348283708,277.2511284698105,0.2524266533419941
143.64668673641154,-41.479778752640726,328.77315222546383,0.12620222508494358
260.48687623490105,101.24130750989622,419.7324449599059,0.0016737927401595176
222.72131678033475,60.821270937461776,384.6213626232077,0.007640376669988744
228.67826719747382,58.26649581389722,399.0900385810504,0.00924013519675052
303.0273122047465,103.88741374481287,502.16721066468017,0.003323830173540536
183.58979716364684,29.253377292966036,337.92621703432764,0.020355154792680876
128.32128805190723,-62.55569129992472,319.1982674037392,0.18464788898340348
221.78801985350447,36.35833814389676,407.2177015631122,0.019694940265766254
159.35399449086526,-22.959021203457667,341.6670101851882,0.08577601458919291
291.30730408410864,129.1912836330616,453.42332453515564,0.0006004741953053463
252.11338391767868,61.97489537300007,442.25187246235726,0.010028865277651412
207.67584697480925,46.19189220831893,369.1598017412996,0.012403013687779681
139.8049992388087,-31.57812267026972,311.18812114788716,0.10839155476984556
214.68986826123364,16.333905972547768,413.0458305499195,0.0342648805993352
202.66572842857886,16.14544181914522,389.1860150380125,0.033617462529875485
141.575993221134,-45.10645025830286,328.2584367005709,0.13512774401412186
183.40824287872738,-15.752480088448266,382.568965845903,0.07055775867129851
203.64260753296094,22.840026038350146,384.4451890275717,0.02778272394380112
204.76152668786835,45.571767610758826,363.9512857649779,0.012373970603577719
42.03703420993543,-132.37303142994918,216.44709984982003,0.6326054924893771
177.7334898125796,26.00985573782839,329.4571238873308,0.022274726698302296
165.07811107544467,0.3060149653390454,329.8502071855503,0.04958641060573206
271.39716577564604,94.39486584906365,448.39946570222844,0.003111389950616782
153.51063945875148,-1.9166984653286647,308.9379773828316,0.05281967628427377
324.19296585047505,158.92039547315667,489.46553622779345,0.00020233759193354786
260.61882252356463,79.79466759817987,441.44297744894936,0.005290896150920831
251.69418804803627,79.08823970018597,424.30013639588657,0.004803429089748698
235.31943656141584,84.72267786992842,385.91619525290326,0.0026136181115817897
190.9371171947846,31.76199375359127,350.11224063597797,0.019357346992506953
270.31851317115525,94.38155156947906,446.25547477283146,0.003047383400293011
238.22747000325035,60.41525644732096,416.0396835591797,0.009342156247370578
138.03504150329127,-39.36534695126866,315.43542995785117,0.12527258674352926
187.88369807217077,17.479507816312974,358.28788832802854,0.031147419923436018
232.21548739706031,55.98976566727444,408.44120912684616,0.010489316122383612
271.91468666695073,85.3961283127606,458.43324502114086,0.004813154094205517
194.20443365811798,18.89615042508251,369.51271689115345,0.03038200758337622
181.80225428642052,9.451803173856945,354.1527053989841,0.03896183614639376
287.2191132128596,128.50591891238196,445.93230751333726,0.0005557498862993145
191.3084301539193,-12.774780166541149,395.39164047437976,0.06576822564190538
204.14464201114015,33.56778659600457,374.72149742627573,0.01962513235039415
269.50521514299044,108.6750852059028,430.33534508007807,0.0013198065712068214
71.96466618570867,-88.77907941708978,232.7084117885071,0.37535549455891093
222.8117147067751,27.86988622337887,417.7535431901713,0.02563250555031802
313.44489705542037,137.20799102658984,489.6818030842509,0.0006805419072295527
306.7629884400035,156.05319811177586,457.47277876823114,0.00011910796296145718
110.6486196115552,-59.13218254307847,280.42942176618885,0.1981800193108374
202.9832047061377,27.968959509152825,377.99744990312263,0.02359329135686986
192.19385527340955,34.65645654737207,349.73125399944706,0.017449892860156205
149.69994194293486,-28.490860771483426,327.89074465735314,0.09834311917756283
246.45852235592656,76.01847070274016,416.89857400911296,0.005152354595043652
269.55817140610725,95.37285397989689,443.7434888323176,0.0028572166953462464
198.35335376651938,6.001059291414322,390.70564824162443,0.04343326614706478
137.03620131068283,-48.28770830461826,322.3601109259839,0.14497631465455088
194.10753501458748,-0.973331363363684,389.18840139253865,0.05112584753704428
207.119514081749,28.723427448426776,385.51560071507123,0.02345370696515366
323.9443499085114,130.6668143246871,517.2218854923358,0.0013010596670480032
266.0419964887242,124.92416374022295,407.1598292372254,0.0003342191462822861
233.1913385127923,62.07604831840246,404.30662870718214,0.008241729388112093
43.89297974344481,-114.79068555802937,202.576645044919,0.583404939613677
286.04708471862386,101.06252430755183,471.0316451296959,0.0028739967054105943
201.1269034899119,-0.4534521417931501,402.70725912161697,0.05050497235533178
339.8510904218224,169.57384565728543,510.1283351863593,0.00016100616024852994
191.39719040759064,1.579947906741694,381.21443290843956,0.04817017301032705
304.71259508215826,114.64429131949564,494.78089884482085,0.002042469371765223
272.34602044678013,67.57367099235108,477.1183699012092,0.009850728765380184
105.13300481094166,-54.49956975580034,264.76557937768365,0.19351197380427385
235.20399653516142,40.76808894367002,429.6399041266528,0.01840145065964321
158.61803468995186,-9.017272908393664,326.2533422882974,0.06332022706408322
241.71479285367968,63.58085202920782,419.8487336781516,0.008466609604427328
206.99490021285374,35.235547380036195,378.75425304567125,0.018844629496341275
185.86166250482347,7.395090450828775,364.32823455881817,0.04144623154721662
175.82619259055218,-5.164353192742226,356.8167383738466,0.05673195661970141
104.63326237173214,-93.1324460317986,302.3989707752629,0.295424385886169
297.33815472465267,112.69664327138634,481.979666177919,0.0019582504434129087
158.15810378683955,10.564568816926425,305.75163875675264,0.036044842385913586
157.40403300780736,-15.530355084042014,330.3384210996567,0.07382393633199011
307.69239575050005,136.68304130721202,478.7017501937881,0.0005949233190401902
266.0377314644552,64.64016964583266,467.4352932830777,0.010288298403988214
170.1495771834775,1.1955095917458607,339.10364477520915,0.04843972477658094
195.80257904871814,29.29987006160158,362.3052880358347,0.02177998646509635
333.05372782406766,165.77173909409274,500.3357165540426,0.00016647843867376684
297.0814082494285,103.93654786578307,490.2262686330739,0.0030361356385039174
199.14672319976808,-6.46899578072734,404.7624421802635,0.057467936149286525
49.895042222347456,-131.92169397291232,231.71177841760723,0.5862105486468796
202.60769191847794,29.54477255609814,375.67061128085777,0.0223545675439955
152.93617781516605,-56.11770987708243,361.99006550741456,0.14926784840542673
175.55766915143522,-13.059194083572123,364.1745323864426,0.06765875725515727
294.5979502838327,119.68487928211673,469.5110212855486,0.0012374686148050702
260.4692706068249,79.99615221225002,440.9423890013998,0.005231684997890037
139.98114965140985,-22.302251820718027,302.26455112353773,0.08989282993478966
175.33856681300085,5.112130776160427,345.5650028498413,0.043671780866867745
209.99534729863672,42.099480126460776,377.89121447081266,0.01490746463860035
36.566162763431294,-150.4157456943531,223.54807122121568,0.6980928051857418
130.80837431986993,-46.677060491135336,308.29380913087516,0.14628190212092332
183.63164825892272,-4.898925109390177,372.1622216272356,0.056103606964389756
147.4953288446809,-8.498389355755165,303.489047045117,0.06351011802080507
213.1417442935367,22.72773667145765,403.55575191561576,0.028738205099865303
136.0237229134841,-41.87668009559576,313.924125922564,0.1319981250924721
314.72366429439444,149.8943548421536,479.5529737466353,0.00029184040726496635
104.11437582084181,-56.559185587082425,264.78793722876605,0.20056361741378537
124.8986874445045,-63.78437079352909,313.5817456825381,0.19136307603703628
251.42593678277717,75.58101553569722,427.2708580298571,0.005702236470563072
75.3093619932697,-108.7440177649388,259.3627417514782,0.4177361549873362
178.17180297825053,-9.50781556242191,365.85142151892296,0.062471996666818075
105.90670717495641,-81.60709738889105,293.42051173880384,0.26422668271016997
286.11814294523583,97.21375369908841,475.0225321913832,0.0034857371752286034
206.98639065466568,8.435814462484728,405.53696684684667,0.04125755685735503
227.12831274116888,43.8337500530715,410.42287542926624,0.01582600771196986
184.65709896769977,-5.631778262834246,374.9459761982338,0.05699709120651253
287.07477377598707,129.16554641009083,444.9840011418833,0.0005316140477762371
354.3713630915531,167.03250651430008,541.7102196688062,0.00032788299252996565
123.654419349823,-52.412140695345215,299.7209793949912,0.16581657523781526
317.396450245657,132.31349883949653,502.4794016518174,0.0010212320823621056
289.9799072558303,121.19697238088705,458.7628421307736,0.0010326639027785534
393.09979729536826,201.2695560064355,584.930038584301,0.00010826392736247844
258.60299873196345,115.92822076778859,401.2777766961383,0.0005460939638817422
376.7940683822294,205.9225922078092,547.6655445566496,3.528209222753117e-05
346.1608144034076,162.01762640312717,530.304002403688,0.0003484690472226961
109.10539917550022,-89.86734391207278,308.07814226307323,0.27810075147962726
172.19046623796157,-21.040826296819688,365.4217587727428,0.07993560617067838
242.29183494779227,49.143337334095605,435.44033256148896,0.0146186958390709
212.10120840021636,36.68805451165912,387.5143622887736,0.018479027197893044
138.419453644025,-17.56993676629685,294.40884405434684,0.08120606961410556
297.9184220106363,98.49374756248997,497.3430964587826,0.003916216952688369
192.5452014284956,30.674759223356403,354.4156436336348,0.020367196088692224
200.64591617228007,23.942700612626737,377.3491317319334,0.026586662870691048
365.93970176619086,202.31887373628223,529.5605297960994,2.7985681216517163e-05
288.53695032006044,137.1299201980507,439.94398044207014,0.00029122658423397013
144.77336626884517,-23.935491552428118,313.48222409011845,0.09151608184610012
206.30935069171483,31.984419944896302,380.6342814385333,0.020983618906838378
136.75244650303694,-40.99434148529028,314.4992344913642,0.12959119168988484
112.49814575258324,-86.89315590192373,311.8894474070902,0.26477395907531154
187.9184303374568,7.978754783755676,367.85810589115795,0.04089743207729621
180.37329746590194,-4.558815342348424,365.30541027415234,0.05577272893271023
164.75538887960283,19.671525489636792,309.8392522695689,0.02656229780072256
-3.6419477306048975,-172.36827653687783,165.08438107566803,0.9658330049954997
245.6462216313903,68.49148125299413,422.8009620097864,0.007190972416047327
462.47617084719514,270.6491458853054,654.3031958090849,7.531975371291466e-06
197.4508778048962,21.744430582875708,373.15732502691674,0.02812988332120719
197.3362284149116,-6.902744336059783,401.57520116588296,0.05804874519347399
82.4581018369372,-80.78514531471563,245.70134898859004,0.31760026536259933
168.16964721730346,2.962861505255489,333.37643292935144,0.0461328999536104
10.310195770696282,-171.13031573176931,191.75070727316188,0.9102131114575476
220.31106590540458,43.30701533773862,397.31511647307053,0.015382882573197402
288.51211571492377,138.81086143086236,438.2133699989852,0.0002515376282702282
302.7175934032857,135.4889812786306,469.94620552794083,0.0005778657856328251
211.83863882106652,20.90674907816009,402.77052856397296,0.030137898965563847
200.68892474148925,39.384588951203426,361.99326053177504,0.015446888137921113
215.04540396871198,34.056978908302426,396.03382902912153,0.02049160926106695
355.9278059977987,156.62883072171599,555.2267812738814,0.000651209469590463
200.8160909124731,24.18332153730273,377.44886028764347,0.02638967416800899
304.6540465866242,123.58947257811127,485.7186205951371,0.001264940970553243
221.29739928094023,30.095800130701974,412.4989984311785,0.023874589597601387
140.23458515573338,-52.6896934972809,333.1588638087477,0.15185103830391533
222.70875646865989,71.3538725549825,374.06364038233727,0.004452132543531851
316.00433917657483,108.30534114290586,523.7033372102438,0.003343818092474385
329.4000347414303,177.14623323209815,481.6538362507625,4.7953357583939015e-05
154.0173558611582,-36.40958076484574,344.4442924871621,0.11133060912342434
151.29895032808417,-43.52534907041283,346.1232497265812,0.12613336596209349
253.57644617637197,59.97120026144361,447.1816920913003,0.010938036559351473
266.8465652456057,93.21175106798637,440.481379423225,0.0030377835931593112
307.4374574878325,130.66005289724873,484.2148620784162,0.0008821333539041314
463.51662812878203,300.8917886499651,626.141467607599,2.3416444314092304e-07
170.0829871168621,-11.131257556827421,351.2972317905517,0.06538890502770099
268.0847328655882,106.43915296235295,429.7303127688234,0.00145299047713972
200.78311712739514,29.625632601523535,371.94060165326675,0.022107564301121603
126.6151305372141,-78.98864679857033,332.21890787299856,0.2238464381615297
160.01295041573894,-32.37760828550401,352.4035091169819,0.10177262666871215
234.41780634712768,81.96747216324562,386.8681405310098,0.00304313475006115
255.50128807885903,48.0657788098427,462.93679734787537,0.016440688682245883
74.10455541932788,-116.88733669155275,265.0964475302085,0.4419142066597693
339.59121282901015,160.4668667676099,518.7155588904104,0.0003135974994613012
165.8024913865238,-18.869980814928937,350.4749635879765,0.07763199647922613
371.77228123197574,188.86095406352797,554.6836084004235,0.00012164653174631143
110.46385960269254,-70.19412801820923,291.1218472235943,0.22696176834224044
239.68061522302196,73.33969240845354,406.0215380375904,0.005304781889618736
186.5667832215754,-2.865891588075499,375.9994580312263,0.053479961449170534
251.99752239655572,79.59622395896551,424.3988208341459,0.004729125526776485
200.2436981837859,14.10135148983261,386.3860448777392,0.03539033168551055
227.92401989196424,36.4829429122924,419.36509687163607,0.020366560617610715
156.80560200601167,-5.7559386582355785,319.3671426702589,0.05846600144274063
196.49251375330823,20.15354532044347,372.831482186173,0.029439758609445008
197.54306228493942,-20.916623688839962,416.00274825871884,0.0756736462084685
272.61702912631426,144.21758727724313,401.0164709753854,6.392043059891176e-05
249.37663646696228,78.15877372598825,420.59449920793634,0.004856921128735642
256.1018512462779,67.46096732994187,444.7427351626139,0.008435074637977255
314.7295469130054,160.41246078299514,469.0466330430156,0.00011567643325847588
224.6286060571747,36.27857666944698,412.9786354449024,0.020040556964774397
134.62412014762594,-45.77049582392894,315.01873611918086,0.14137881351312176
91.74640017936781,-86.09736632074788,269.5901666794835,0.3075614906312108
239.46547815552367,86.23438965847413,392.6965666525732,0.002627829307345273
245.89983482983826,96.1055558818025,395.694113777874,0.0016113319690716022
228.5933401674697,47.61080304883612,409.57587728610326,0.013992222080617641
350.3868587565639,168.92518967039015,531.8485278427377,0.0002453604344260605
318.19026666332775,127.86824109014844,508.51229223650705,0.0013739311699394474
396.1414936796664,224.31352006403256,567.9694672953002,1.672770789137959e-05
290.04854317548507,90.19682692135385,489.9002594296163,0.004996266004843201
226.92773827115116,70.33224151627553,383.5232350260268,0.005059735312483709
38.44735780683777,-137.89562713910848,214.79034275278403,0.6654415170709389
267.6026081427931,105.54062162692782,429.66459465865836,0.0015393972845714307
192.1921756171373,34.09164935403169,350.29270188024293,0.017841852122935056
165.58278236167553,-16.244603341964932,347.410168065316,0.07367062206527386
397.66037349764883,219.96061540371585,575.3601315915819,2.8191512424748062e-05
211.3301559298443,40.41139735449872,382.2489145051899,0.016058727414519667
284.3026017433367,139.78321924087825,428.8219842457952,0.00019923215422521125
256.86103152272335,99.36193193251208,414.3601311129346,0.0017396792398855696
341.9633762598819,160.49800552333625,523.4287469964275,0.000336021423362414
145.05512402975955,-50.122458043774316,340.2327061032934,0.1430097427393233
161.3474916571936,-5.808416580254516,328.5033998946417,0.05828539370852596
104.29211444075054,-68.49855241475117,277.0827812962523,0.23299042061595526
173.71804611859397,-11.294041636594926,358.73013387378285,0.06533188809660338
89.26483723977935,-61.83792373205367,240.36759821161237,0.24308187814875049
106.45666233466272,-70.89690692999173,283.81023159931715,0.23561858250007364
198.76975017854784,50.522247323006326,347.0172530340893,0.009340134295422511
284.7218511029323,97.93879284264008,471.50490936322456,0.003272461391698784
316.5191092284731,137.6775603582145,495.36065809873173,0.0007259683018936923
213.83973467793248,49.00191670836054,378.6775526475044,0.011676176480740081
416.2836965079732,226.16516993870403,606.4022230772424,3.9542831483736994e-05
238.57339309296276,43.443938921209934,433.7028472647156,0.017242942157615997
301.14724261299943,124.26523002651169,478.0292551994872,0.0011043691106906142
159.8806309172519,-1.7498929893874333,321.5111548238912,0.05246941599252603
96.01414171300212,-72.97018349822713,264.99846692423137,0.26144443236579895
150.238643661095,-34.01675663959489,334.4940439617849,0.10855429223130081
180.92487853880448,13.218963315193037,348.6307937624159,0.03483900487674362
183.7678786912993,8.895055210866275,358.6407021717323,0.039682001609688704
219.13556687974506,39.473559490424805,398.7975742690653,0.01747549089549057
277.2472632325371,86.40087002506868,468.0936564400055,0.004956658813733427
111.63897721549074,-106.96526935903614,330.2432237900176,0.31242252421040334
380.41483281697856,188.19297056561507,572.6366950683421,0.0001771108484674271
308.18608501077915,138.3021148443312,478.0700551772271,0.0005397973262362499
166.77346740386565,-22.101932467572794,355.6488672753041,0.08262812922810792
184.45794118968843,-6.197292694724553,375.1131750741014,0.05772844393144743
152.775438676229,-13.867000646034825,319.4178779984928,0.07180107638199414
298.36408603186555,108.51611334492867,488.21205871880244,0.0024787671147092076
96.46886168504398,-58.47775363829348,251.41547700838143,0.21866184635028807
156.26569084528,-9.952238328967411,322.4836200195274,0.06499249485954404
195.85029978407692,29.561685348458496,362.1389142196954,0.02159142940228388
369.13137696027115,210.40550659756352,527.8572473229788,1.5077333699183225e-05
202.55869590268048,22.606785417129316,382.5106063882316,0.027915723557738026
168.1277485538617,-18.25480600314583,354.51030311086924,0.07638658440084069
132.12605323750495,-16.900925767821207,281.1530322428311,0.08143387494429231
344.27149020040724,163.0911908855254,525.4517895152891,0.0003036179739685129
134.38628991508085,-39.50912067109658,308.2817005012583,0.1278201316477761
94.54352520149541,-74.34036726251696,263.4274176655078,0.2684631188224616
224.51990996145832,67.93305056720132,381.1067693557153,0.0055358937210386846
93.81092607193477,-105.09979082926631,292.7216429731359,0.3506631951002268
290.847359159422,123.06683648203406,458.62788183680993,0.0009086643061895585
319.6405556411123,148.51156467629676,490.76954660592787,0.00037587636370863155
336.23289547896,141.79585815774223,530.6699328001778,0.0009290300321290886
220.74658286429394,37.93008941262366,403.5630763159642,0.0186011719857802
170.93857088327695,-16.604093127505593,358.4812348940595,0.07343147281332883
203.94401814068624,37.92124873922654,369.96678754214594,0.016719829164142948
283.8274245700218,114.3515484209259,453.30330071911766,0.0013187890357108996
249.1914462988343,72.67154815578988,425.71134444187874,0.006270152078280781
189.59440979618967,50.77123443441326,328.4175851579661,0.00809672228575205
198.671226403937,10.148278031298531,387.19417477657544,0.0391414609458332
209.11107449956398,40.855307724670354,377.3668412744576,0.015562395661484102
380.8678402152691,201.01616913630835,560.7195112942298,6.839423512027718e-05
127.15581044508053,-54.68803156379755,308.9996524539586,0.16773269262851756
43.28971877633876,-135.31622172558784,221.89565927826536,0.6307764926216785
285.47456321745085,111.03926947847452,459.9098569564272,0.0016740747373035407
261.21509282077477,67.63287923409797,454.7973064074516,0.008837577766580779
287.6340854961413,125.09996483970349,450.16820615257916,0.0007180215474929062
357.09855650854297,167.20486647788357,546.9922465392024,0.00035651870038528927
213.7691880008474,49.83390688782012,377.70446911387467,0.011286189892016142
392.43172624893214,196.99905366204024,587.864398835824,0.00014448528574407954
257.09084711213563,61.29822827290354,452.8834659513677,0.010731812118372585
180.26992309461411,-14.81134254819463,375.35118873742283,0.06960937734228623
144.73749270732378,-41.586136039350635,331.0611214539982,0.12591844926023366
170.48167420230084,-18.815741782337454,359.77909018693913,0.07683818810310201
246.12088907030693,74.21853639686665,418.02324174374723,0.005585143426590026
257.1019673660371,80.62286000834052,433.5810747237337,0.004852309076588523
179.1993697515577,1.8043443153983674,356.59439518771705,0.04777025900141
271.80671025189804,112.90678951709049,430.7066309867056,0.0010719658436421204
61.581406773332674,-111.09022086630841,234.25303441297376,0.47980051404490076
11.332710528989992,-147.2173334689045,169.8827545268845,0.8871877805595672
315.410193157245,141.03239022914389,489.7879960853461,0.0005555578699743799
143.28740081612796,-38.90476058026832,325.47956221252423,0.12145078336889828
166.08916480938342,-30.041015608830037,362.2193452275969,0.09580429966371891
300.7081087768397,132.73498938037602,468.6812281733034,0.0006309792832076984
6.972382537318936,-152.44042435499492,166.3851894296328,0.9308341611217785
141.39011994325347,-27.851079576416993,310.6313194629239,0.10027431569816592
298.06151688034515,141.74660345526578,454.3764303054245,0.00029825996103197133
342.2040554494715,171.78474396623102,512.6233669327121,0.0001483972647362139
157.14557797124053,-10.494968521343623,324.78612446382465,0.0657704755412432
169.66214894571658,8.253765499054253,331.07053239237894,0.03963657323480794
183.41968902263898,9.728905753735773,357.1104722915422,0.038748960327865144
184.8075202701939,-12.088693650927269,381.70373419131505,0.06541152368606978
187.13486139025645,15.917256391120986,358.3524663893919,0.03261279105967634
117.55188481735013,-57.75953562451221,292.86330525921244,0.18578187655961004
263.47388427104306,65.69814827727686,461.24962026480927,0.009705124035287062
291.9832929242548,102.76250946394129,481.2040763845683,0.002927482376505603
106.3368099126792,-89.7771953326257,302.4508151579841,0.28357999750422747
330.53209999944147,129.93391592781242,531.1302840710705,0.001573584470908214
11.736271340378607,-167.45539146714788,190.9279341479051,0.8965865278281149
213.32632528811519,33.657782289739316,392.99486828649106,0.020579000903872345
274.9044531487816,95.90381517748216,453.90509112008107,0.00305804108951112
198.86316459235422,13.75640650575832,383.9699226789501,0.03560986046345193
247.01643130507819,67.92232997177032,426.1105326383861,0.007571529974514623
285.36937386311183,106.32651067397856,464.41223705224513,0.002200951952565655
133.02968789808983,-47.62996248705224,313.6893382832319,0.1466741704566047
107.35785740860001,-75.91180802183729,290.6275228390373,0.2470464507627809
-9.422712422345285,-190.1407197090052,171.29529486431463,0.9175588920944218
91.97583034169202,-97.04482770317372,280.99648838655776,0.3354694172797741
316.2802620735747,119.15255274389563,513.4079714032538,0.0020237312008613696
58.39010652196612,-132.7969516798937,249.57716472382594,0.5447050433975393
108.42267488064772,-51.91712540864947,268.7624751699449,0.18179019800593563
348.89294446776194,174.87151754831044,522.9143713872135,0.00014747241114696112
132.88787761281856,-76.72986588542224,342.5056211110593,0.21066696403083457
260.01444625950853,90.21271318515375,429.8161793338633,0.0031646686340378307
287.012972340523,135.92310842591897,438.10283625512704,0.00030627899643188947
185.95065036491724,-5.991763655404242,377.89306438523874,0.05740608076451337
262.8705742435486,86.95504338624858,438.78610510084866,0.0039132649584224105
222.24952160032126,45.36362533661591,399.13541786402664,0.014464501306884875
297.5321036030691,134.0137362199535,461.05047098618473,0.0005177609862328773
41.58918957990545,-166.76466646259246,249.94304562240336,0.6921604120178186
214.63579017149004,22.23646944094955,407.0351109020305,0.02927731759611613
163.31985555507845,-6.5630132277483995,333.2027243379053,0.05929246091544359
245.92278402413103,57.284579367365296,434.5609886808968,0.011284872441079294
145.5953060919055,-32.813486240707704,324.0040984245187,0.10826015510585926
152.83355346406688,-45.61316755909215,351.28027448722594,0.12925275293130015
158.44569244868717,-23.259618823238924,340.1510037206133,0.08651051937588655
229.5785388040881,40.135261544173204,419.021816064003,0.018193864282544187
194.3187432222444,-7.67760942764707,396.3150958721359,0.05913279574908831
37.615423873384316,-128.18467753400378,203.4155252807724,0.6527543847466668
260.81933991656206,72.02216065561038,449.61651917751374,0.007400805471216839
251.34962406669,91.43182294347906,411.26742518990096,0.002467558371995326
162.64519983903529,5.070832469654903,320.2195672084157,0.04324819726259497
228.65055262971828,55.98397016487985,401.3171350945567,0.01015833428303248
170.20539959182042,12.96156707151681,327.44923211212404,0.03427505860918046
116.77500997174457,-27.689786857472768,261.2398068009619,0.11159773402228611
98.6770393851316,-96.38173480762379,293.735813577887,0.3164619686677674
5.15142471570698,-161.02465252633604,171.32750195775,0.9509169410738183
45.353236080912666,-117.09322862465032,207.79970078647565,0.5798925941920874
233.35242770934929,47.51108487224562,419.1937705464529,0.014529156174468682
260.37638488970424,88.82257409653866,431.9301956828698,0.0034013102623905536
310.05569847453626,146.57321656129346,473.53818038777905,0.0003130973943732901
242.5699710910776,50.56990297772978,434.5700392044254,0.013952468575172721
171.6647809848123,2.1588003386470405,341.17076163097755,0.047222019562959065
197.69547273460103,34.32447759761956,361.0664678715825,0.018348637763832637
173.70563238526802,-12.18026047425019,359.5915252447862,0.06659075653880037
98.49795390834015,-52.18787510237465,249.18378291905495,0.1969539039973628
187.6645649047041,3.1337163957006453,372.19541341370757,0.046326714827453826
290.8463055461907,85.8646811056,495.82792998678144,0.006009723540683934
317.1615170161426,159.10193513898653,475.22109889329874,0.00014736723407821452
353.48230891955745,178.2460150866585,528.7186027524564,0.00013525536495431986
204.51453054769672,17.26036804572064,391.76869304967283,0.032713342216134186
150.91052562860568,-6.791447198333145,308.6124984555445,0.060451391799325925
197.10131105642495,26.442009334600186,367.7606127782497,0.024173860247183498
309.29761813944015,144.6776668364773,473.91756944240296,0.00035052804665010534
131.69409665181865,-57.00011249671272,320.38830580035005,0.16864173192523135
344.54665855120857,179.88410914554257,509.2092079568746,8.00502005301985e-05
171.31190411904254,-19.188555417459128,361.81236365554423,0.0772775635303442
99.3980887354578,-86.20200494938388,284.9981824202995,0.2896006471693395
265.42260051230505,87.60185872328222,443.24334230132786,0.003945453744992611
262.1559755338676,82.95985363391355,441.35209743382165,0.004699032517511866
169.21949704553253,6.383444678821377,332.0555494122437,0.04188300445611604
164.91390428679006,4.417667386707279,325.4101411868728,0.04416537580452061
182.0655799869637,11.986790019685117,352.1443699542423,0.036225778718824514
38.94480161030151,-103.54456820595584,181.43417142655886,0.587828789546011
327.87259394847206,162.09837489466867,493.64681300227545,0.00017779846872449269
248.45547133665423,59.35071114655034,437.5602315267581,0.010698537737754164
92.36745424224273,-78.16372108828878,262.8986295727742,0.28419275705796626
141.04556686840806,-31.35715928767766,313.44829302449375,0.1073478673382259
241.90923592168656,63.458006350751816,420.3604654926213,0.008528026529563778
223.09897208958682,48.88924621150923,397.30869796766444,0.012841948194128549
209.3054020576733,37.11994937554118,381.4908547398054,0.017847266701913535
303.1248919681434,128.08893489721797,478.1608490390688,0.0009143266957062899
191.32141666729058,42.10966557437135,340.53316776020984,0.012712883508495634
142.2984863195984,-14.863334945483018,299.4603075846798,0.07531324235585146
230.90777299229603,36.54422442157852,425.27132156301354,0.0205127874253289
-38.01956491738065,-189.50881235021916,113.46968251545786,0.6187250738892156
185.78546353809134,-4.371887917007115,375.9428149931898,0.055364036471403096
220.0668866092892,47.06124359138849,393.07252962718997,0.013336842748373783
210.52316090604927,39.10755788223176,381.9387639298668,0.01674668268076584
193.24642114355674,-6.978435757292345,393.47127804440584,0.05832678643506824
418.68542161316145,221.73131055315366,615.6395326731692,6.39843148837589e-05
321.85167152440954,146.80394168320964,496.89940136560944,0.00048592470813554986
23.746866511238295,-136.40110922793934,183.89484225041593,0.7685733128646862
388.07800392914214,235.7200343216358,540.4359735366485,2.858409026769162e-06
355.5092851498666,172.78218950177808,538.2363807979552,0.0002261640185992768
311.1190526009391,133.16856207444596,489.0695431274322,0.0008238897332329984
220.46218372316252,30.93847270255415,409.9858947437709,0.02319994764460748
188.64566579298116,5.214990593270812,372.0763409926915,0.04398212749160913
144.56079562220566,-27.45984175824401,316.58143300265533,0.09832328382537674
227.60952257987537,49.159547238630154,406.0594979211206,0.013096927892221282
140.15824832995713,-29.72908145772351,310.0455781176378,0.10441503922777681
73.59146105920445,-81.07323166354934,228.25615378195823,0.34638289639498243
6.151945195684675,-164.14980802077397,176.45369841214332,0.9428364294343616
212.42702160330145,35.51705601179606,389.33698719480685,0.019250167476513085
230.04236788480875,28.824545784901062,431.2601899847165,0.025588051493556117
270.5378631652202,78.65577326576118,462.4199530646792,0.006317030971965743
183.8962776772437,30.685998311930774,337.1065570425566,0.019300374440099306
37.415451419843976,-169.7626730223996,244.59357586208756,0.7201123800420237
196.66369368816777,36.276786863725306,357.05060051261023,0.016909047003030135
209.6563124478248,38.77697068295663,380.535654212693,0.01687923234552657
102.72923521577104,-103.2391855638852,308.6976559954273,0.32345998063352444
149.1139737105491,-1.6767909515458257,299.90473837264403,0.0525388649794016
230.4144670095834,47.017915040800716,413.81101897836606,0.014500341834759208
324.6557326238435,146.68454693391402,502.626918313773,0.0005122447494789411
289.0577238767719,125.1356326805097,452.97981507303405,0.0007573248547584161
334.7970773030329,153.53579511172262,516.0583594943432,0.0004353573664575113
154.2401607679103,-16.876471745577874,325.3567932813985,0.07659594696456733
189.05530660370596,17.835678404180925,360.27493480323096,0.030898528140583376
214.92459885749122,28.633975786497928,401.21522192848454,0.02434244291245472
156.4894338433005,-25.876085104035695,338.85495279063673,0.09154359577763586
262.26787371839873,68.28151742912152,456.2542300076759,0.008705891747211269
186.92316571149195,2.198729293379728,371.64760212960414,0.04739979420271041
147.73692460440498,15.179482516356558,280.2943666924534,0.029405841897551674
274.2230671659022,85.85218472673432,462.59394960507007,0.004878720392987569
152.62178778926182,-24.31133902737173,329.55491460589536,0.08989295220576016
313.50203968583537,143.19932266944335,483.8047567022274,0.0004538343276624105
206.02114620491466,49.97796104289429,362.064331366935,0.010325601483873572
282.0640417368231,113.69903662235225,450.429046851294,0.0013094580229111295
226.4037621505645,48.0681582854385,404.7393660156905,0.013566203858298629
233.06278797652067,68.6153462923088,397.51022966073253,0.006073077845138076
132.71816580120503,-49.469495693783756,314.9058272961938,0.1509590058242991
179.46441343230754,4.193008447675794,354.7358184169393,0.04490364559709954
234.5800250788293,81.96605155244106,387.19399860521753,0.003033388486874347
188.13124981990768,10.34374815593452,365.91875148388084,0.03840849763857644
198.54334936441728,14.62762344547528,382.4590752833593,0.03473411463201146
182.8294938479171,24.296757144458468,341.3622305513757,0.02438063585703802
244.18791413333838,97.73255521212496,390.6432730545518,0.0013733563016197436
212.71855238046965,25.42050946242449,400.0165952985148,0.026581455063467332
246.212193378361,75.5729613210311,416.8514254356909,0.005267787541037663
321.3526905938952,157.59593448559121,485.1094467021992,0.0001980470966392852
237.61908549878126,77.30528494642343,397.9328860511391,0.004194666679074139
165.89157986423243,5.76520391948452,326.01795580898033,0.04248722504692768
125.4916495645225,-41.754540595013225,292.73783972405823,0.13925864909991054
225.37843656123914,63.28224908787965,387.4746240345986,0.007058648912660052
143.72725619937546,-43.61053376644401,331.06504616519493,0.1306671994475558
188.89629153708302,8.060929049918542,369.7316540242475,0.040849270670941844
336.78659910304714,160.30607109475616,513.2671271113381,0.00028870361239334504
141.06540272945722,-34.06771076447197,316.1985162233864,0.11284279748687247
30.98793903859405,-167.00269632776215,228.97857440495025,0.7561789462952213
114.55047269746001,-41.10263658205909,270.2035819769791,0.1468029517672949
180.80372801215253,1.274825769296399,360.33263025500867,0.048439312510238544
102.82397606695577,-91.54717698571687,297.1951291196284,0.29545023133185006
262.6917545812639,82.47624253416143,442.9072666283664,0.004819716236695745
68.15670768114342,-137.1001948552219,273.41361021750873,0.5104822154892626
276.07067818287624,89.7040063397589,462.43735002599357,0.004229827376838469
356.831243413787,183.59480450745025,530.0676823201237,0.00010179399075985661
320.0966430266426,140.08532689587267,500.10795915741255,0.0006848494604251442
-13.012673835120495,-201.8488200151275,175.8234723448865,0.8911452740004477
216.94195739281395,34.68410360778023,399.19981117784766,0.020293451213350234
88.36272950619332,-82.08262889453647,258.8080879069231,0.3047799907695174
98.63147715664672,-78.23013012818171,275.49308444147516,0.2701725574696144
245.33715065346496,42.601640887269156,448.0726604196608,0.01837923284711258
240.31736454257407,64.49373511410616,416.140993971042,0.008022272792374658
26.23446600574971,-136.00445433048836,188.47338634198778,0.7483263621452675
202.07810544198583,44.06096848094967,360.095242403022,0.012918595872567783
123.29117179805553,-51.03872339168916,297.6210669878002,0.16300038752990736
217.6217338838992,26.35302491560816,408.89044285219023,0.026288241250879044
159.27603063541756,-36.999657521808814,355.5517187926439,0.11021117473160726
135.87399320426493,-45.77951961166917,317.52750602019904,0.1404655710232693
94.91812148243116,-55.471812120156784,245.3080550850191,0.2126078156837036
123.68796950967544,-4.519318814455232,251.8952578338061,0.05842776949954709
288.76710515162586,149.224615541832,428.3095947614197,9.541020725921482e-05
3.789238684508746,-146.47349593798893,154.05197330700642,0.9600846811421775
195.03322341309604,33.81361288257963,356.2528339436125,0.01840214878264478
208.42810707846866,41.638867091815285,375.217347065122,0.014991042756288783
154.19141037026475,-25.362476143181595,333.7452968837111,0.09122511056653719
238.26134050224573,35.69538634208257,440.8272946624089,0.021751532588799694
229.0044955351441,52.21610090690086,405.7928901633873,0.011794424686170665
84.02216064357981,-94.43527021722409,262.47959150438373,0.35136374270246984
276.26569572822063,100.9679714978524,451.56341995858884,0.0024088562637576737
237.7767641616215,50.02832630766221,425.52520201558076,0.013735634087366999
267.2896552382208,113.61838498812881,420.9609254883128,0.0008735398395050573
117.652698686451,-69.02900858268356,304.33440595558557,0.21332391438773146
239.99541221681147,52.6889774279322,427.3018470056908,0.012707644275649159
270.2863017245204,86.68632807477965,453.8862753742611,0.004437457222165843
322.15770551726973,150.6578340727407,493.6575769617988,0.00035185915141740275
301.33009924441376,147.17219171362314,455.4880067752044,0.00021232566165235177
165.572032223899,-5.643959664544127,336.7880241123421,0.05783119952796136
89.04247945825591,-100.25802357992342,278.34298249643524,0.35154731960224783
246.3636835719758,80.08875937985707,412.63860776409456,0.0042201777326360415
127.77287639284032,-21.06427545765942,276.61002824334,0.09139606754640284
1.8345519653585143,-157.25863226036137,160.9277361910784,0.9817431021607894
214.83840532106842,12.876489012500457,416.8003216296364,0.037390145515275815
299.10584396257036,128.4659486454582,469.74573927968254,0.0007991423593409675
82.28079576764821,-106.15234902450882,270.7139405598052,0.3870847743880804
107.09821954239806,-83.75048227292717,297.9469213577233,0.2672827118235266
130.20534643280553,-45.23567409407701,305.64636695968807,0.14355077307474753
226.87875578111243,50.93327224964082,402.82423931258404,0.012245645820455502
64.75918086031379,-126.68221968474484,256.2005814053724,0.5026534053939529
263.2278005851517,96.73957987839393,429.71602129190956,0.002338692042373019
187.16650751357747,21.95606335655998,352.37695167059496,0.02691984667575136
207.1893397804588,18.82482764786141,395.5538519130562,0.031544665976704606
134.85892736872484,-72.24313610073128,341.9609908381809,0.19866612038920914
372.51686284745983,197.44066965204192,547.5930560428777,6.198597832548033e-05
220.46528262019592,45.474535471704144,395.4560297686877,0.014213781469810009
137.46912220923832,-44.31555470637949,319.25379912485613,0.1362277679642482
145.81582643780712,-12.393320872256595,304.02497374787083,0.07031368749853868
5.451448069733033,-169.64234071641528,180.54523685588134,0.9507308349805207
203.29609989400342,29.92854497015105,376.6636548178558,0.022150345934171593
247.33621628525225,79.19339740540104,415.4790351651035,0.004467211766294642
72.39266241696578,-81.90113447141692,226.68645930534848,0.3530478386939466
234.0080534997478,45.09404188600749,422.9220651134881,0.015864217790778932
142.33234074827897,-35.63139838007973,320.2960798766377,0.1153739243849645
325.0294848457643,125.43327911296478,524.6256905785638,0.001760143124978655
214.7337763583978,44.07988643211121,385.38766628468437,0.01432737191046807
136.98931504781058,-41.200899711786434,315.17952980740756,0.12992067084262077
249.5377820209933,83.26940067366064,415.80616336832594,0.003759236797228605
83.52859409690382,-80.96195241713932,248.01914061094695,0.3151552439699491
221.9544851425294,69.48612221713287,374.4228480679259,0.004884941329462446
143.39381786735066,-17.65708166144475,304.4447173961461,0.08020222735085467
299.42456037507645,117.93109103830926,480.91802971184364,0.0015331644980528332
98.91333554968287,-97.66429258261388,295.4909636819796,0.3195368955172778
399.82568264049587,218.05616360583042,581.5952016751613,3.7221893011600886e-05
245.3363678506089,87.72238268090041,402.9503530203174,0.002722781142207511
120.51650352934666,-40.90025415536698,281.9332612140603,0.14112338312050976
208.31513362124133,34.5246488607701,382.1056183817126,0.019455986366419546
141.72508183636728,-63.117180811582955,346.5673444843175,0.1723190101187465
107.22559428031218,-88.1066527072899,302.5578412679142,0.2777970153323595
108.41060599781258,-50.572709811150105,267.39392180677527,0.17851330745143548
80.21704419599928,-126.49667532870595,286.9307637207045,0.44210070358479336
137.87387683674024,-21.59917590479003,297.34692957827053,0.08917115829205835
233.96254702646274,61.73077621328409,406.19431783964137,0.00840479038768734
319.7178849549309,158.6780956628991,480.7576742469628,0.00017015771353284017
271.0628456166187,86.66533107354286,455.4603601596945,0.004489274686614972
218.2175183061986,41.40892287832503,395.02611373407217,0.016233922339617388
243.42229469296808,84.50569030095542,402.33889908498077,0.003142470528431589
176.8356924435875,-1.2464989712844954,354.9178838584595,0.05158524253864145
250.40626407898935,66.73213824345584,434.08038991452287,0.008175584285768396
-38.106387207329135,-232.35161641193872,156.13884199728045,0.6971298927581102
155.19144586526318,-13.397727835406442,323.7806195659328,0.07066824821692072
3.071113714102921,-171.3359992633373,177.47822669154314,0.9721237280462491
144.47459404149868,-51.26768477528165,340.216872858279,0.14573133625536736
126.63655954937121,-35.64590747146815,288.9190265702106,0.1243345860321857
85.33097139633173,-112.84645074150927,283.50839353417274,0.3939470513096255
382.81512671395876,215.06540339109551,550.564850036822,2.106361223320744e-05
162.91382773544274,-25.391674850077038,351.2193303209625,0.08895865052379194
282.19004221782006,92.55694824355325,471.82313619208685,0.004083887855185179
399.1307177212707,205.55458037575968,592.7068550667817,0.00010035948106258245
290.80469739396494,100.49500046898368,481.1143943189462,0.0032100634261399727
171.29333402428347,6.159447860952241,336.4272201876147,0.04223689188034052
226.85520015529573,45.69679689917638,408.0136034114151,0.014786069379541772
213.69344613175645,41.6376874802034,385.7492047833095,0.015604881902889585
191.77126500590157,7.334101616639998,376.20842839516314,0.04176192237814458
140.3713045195791,-30.816931907025122,311.55954094618335,0.10660404146998896
258.1106001734456,62.25339965454671,453.96780069234455,0.01046303010953714
261.0818952464806,78.73115769955447,443.4326327934067,0.0055851320390729545
256.0402762297658,84.55280293354781,427.52774952598384,0.003929940583801105
177.7385970454311,-14.376254438095486,369.8534485289577,0.06929097915670134
291.50508743135333,96.84511493331362,486.165059929393,0.0038454047399343336
168.70833904186293,-18.940942060830338,356.3576201445562,0.0773197480056999
187.72943078437083,0.4543686253167323,375.0044929434249,0.04946039913688079
359.41876944456635,181.40619198838817,537.4313469007445,0.0001336806242044054
236.00964557488487,48.05059294231825,423.9686982074515,0.014558098282445945
247.1439930915326,66.42202128379435,427.8659648992708,0.0080405231465286
229.34827718681845,64.94501372382396,393.7515406498129,0.0069085055353909006
102.42574803745492,-42.61555583727784,247.46705191218769,0.16364922588860553
154.65219816552462,-23.157449784425552,332.4618461154748,0.08729147481540069
161.80537812711145,-16.160532389701785,339.77128864392466,0.07410155295391012
304.88413758068646,122.78111088283703,486.9871642785359,0.0013155568597604066
60.68032814688968,-119.63468007576517,240.99533636954453,0.5048490567170351
275.558429337445,93.52081699314164,457.5960416817483,0.0034946546778536263
164.63324395750578,-20.50721858811437,349.77370650312594,0.08057890698492239
262.61531480790427,74.51539553400332,450.7152340818052,0.0068890197841205356
193.147366094905,17.711969601106034,368.582762588704,0.031380686826440185
179.43992494156555,10.467923066459775,348.4119268166713,0.037696309360696574
356.53136014670326,182.82005308361894,530.2426672097876,0.00010558680315251868
174.2822583623347,-0.3257442108481996,348.8902609355176,0.050418324585229476
-12.78518940300728,-199.1837907189965,173.61341191298195,0.8917343059934597
-16.018986698807566,-174.79303297040528,142.75505957279015,0.8412127978272096
247.73532396083192,67.97281220991874,427.4978357117451,0.007536509954221521
135.86021432793632,-46.955035261797434,318.6754639176701,0.14302849878774368
273.32911818762113,81.3626820169118,465.2955543583305,0.005845955652103396
184.07790030558544,18.818798366006718,349.3370022451642,0.02950365776743073
137.51547620911515,-49.27986633423126,324.31081875246156,0.14675690684527565
167.83256753206933,1.0869201036739184,334.5782149604647,0.04856306802754746
176.84866986034558,-29.41417194060179,383.111511661293,0.09172425872262163
419.4345503891486,256.0882061186119,582.7808946596854,2.2497387719182925e-06
178.2615754701401,11.379820140816776,345.1433307994634,0.03661476524003027
278.5055672471185,118.21892231431744,438.7922121799196,0.0008893511959651148
219.35759577334647,70.95144215291887,367.7637493937741,0.004288304880359365
217.7303849795485,49.82944229524014,385.63132766385684,0.011705308480542513
69.5793174393607,-108.33488604890292,247.4935209276243,0.43824860193075
311.9602864385406,141.75387053935793,482.1667023377233,0.0004750206129830496
283.4317121727886,94.5179161832429,472.3455081623343,0.003765767902262712
360.239355989841,192.54038652315091,527.9383254565311,6.077258524828593e-05
-65.80826005162362,-242.26698828312982,110.65046817988258,0.4600365611620648
249.60316250833785,62.74144744295555,436.4648775737202,0.009500055369977996
212.04796455955648,11.016399978784762,413.0795291403282,0.03896795332133129
286.0861410706434,122.58414299367243,449.58813914761436,0.0008395900523486992
273.4795821578891,78.89942187533586,468.0597424404424,0.006473389474629323
108.54366755873843,-85.88313819762766,302.9704733151045,0.269792927322613
261.56859247285456,71.00365002384083,452.1335349218683,0.007772492510618047
257.47586160675564,97.851552916782,417.1001702967293,0.0019222645022448257
311.9540704913561,137.03697371283545,486.87116726987676,0.0006562425884426412
125.87573997650406,-74.74454221616259,326.4960221691707,0.21530759913587677
260.3598136743967,66.96752026754646,453.752107081247,0.008987868397714966
191.13790926810498,13.908993113000236,368.3668254232097,0.03489644482691832
228.5542391417307,55.315165877039846,401.7933124064216,0.010414927559855285
234.39913494130087,56.42916877886063,412.3691011037411,0.010508594145624592
208.16397121240198,31.27220515584071,385.05573726896324,0.021689688960594325
142.5815019582801,-26.306574309694042,311.46957822625427,0.09679893346389717
121.21207981443058,-52.294041970392186,294.71820159925335,0.16821058592542762
149.1750203334418,-13.223079056866993,311.5731197237506,0.07125341076885923
194.70944598810183,21.876516065429684,367.542375910774,0.027746908882742366
218.55842018678732,40.68424969890148,396.4325906746732,0.01670583701535786
237.8990717079978,79.10623897808787,396.69190443790774,0.0038226642878321187
105.13765780129188,-61.68022345683326,271.955539059417,0.2131667214335811
104.14148927638644,-72.77537278089514,281.05835133366804,0.24473162318204303
205.02508141770113,53.182060621722286,356.86810221368,0.008781135432147367
246.44386594083971,81.99592963900088,410.8918022426785,0.0038068356201724973
202.7040091498152,51.31138279887395,354.0966355007564,0.009340458529865831
265.79523731195513,94.20231513073853,437.38815949317177,0.0028413712515670832
310.1841013085095,126.44000774410398,493.92819487291507,0.0012071501404711557
306.46853216675663,131.97374326227595,480.9633210712373,0.000781814120156594
152.67332730049384,-10.790836129687648,316.1374907306753,0.06673726902755545
176.6934810958105,11.45030400220196,341.93665818941906,0.036435706564433526
260.0665038145971,66.66309611373939,453.4699115154549,0.009053507603250459
282.555698405602,96.10161303224314,469.0097837789609,0.0035164360577477983
217.7136000776809,46.08942664424495,389.33777351111684,0.013614428049310092
429.7253197289306,238.14423330304277,621.3064061548184,2.677432247092868e-05
181.56868894887157,-16.580403464258126,379.71778136200123,0.07194223049528625
47.185003739454714,-156.05216880456814,250.42217628347757,0.6452072308208796
341.67555811526836,175.51814460376454,507.8329716267722,0.0001028619497004764
301.43972884442155,119.18053417782289,483.6989235110202,0.0015006477383330804
117.88849835668861,-58.54178581212295,294.3187825255002,0.18724996207026354
300.90632695790737,131.6317293633358,470.1809245524789,0.0006828028574508214
270.3877834351915,84.99698921465932,455.7785776557237,0.004800942870926529
206.3683221100996,8.864097100663685,403.8725471195355,0.04079906952391379
332.65902933309826,139.34189162131074,525.9761670448858,0.0009830889898560522
326.8872474973864,157.71730381271612,496.05719118205667,0.00024337918142814538
113.3786756801851,-69.86944577236096,296.62679713273116,0.22147645502361765
335.2484470720751,157.30274844322867,513.1941457009216,0.0003429699124567952
165.49047795019214,-17.947028420895776,348.92798432128006,0.07633398604456913
204.30786986632847,35.803110347325315,372.81262938533166,0.01818825005553061
234.3219229703991,38.55194710191262,430.0918988388856,0.019634302316004777
260.20482830407445,75.54928416213386,444.86037244601505,0.006348469433799159
107.82176849755206,-76.40937267240795,292.05290966751204,0.24749919382962637
183.11701414169147,2.3334132625720656,363.90061502081085,0.04719208785211489
171.56453771139695,14.81702675885532,328.3120486639386,0.03235064010463064
219.06688060787474,59.93411496918583,378.19964624656365,0.007598937317087595
119.3029710984365,-52.86105278106274,291.46699497793577,0.17164223797036074
273.28514169836035,78.63940084391416,467.93088255280657,0.006547688259343786
260.13525544383447,79.41856417704102,440.8519467106279,0.005345039536694221
129.25284253139625,-46.08142108178927,304.58710614458175,0.14591687372750148
260.0327833330957,53.716966330222306,466.34860033596914,0.014224563773718817
195.29569996717646,23.49946490613314,367.0919350282198,0.026406175402690083
205.08180517463552,57.387580674188115,352.7760296750829,0.007114647902570905
285.03309068932003,106.67109441903386,463.3950869596062,0.002165023950760198
269.5812833187106,94.46446483422795,444.6981018031932,0.0029985570002481797
386.5326847215824,234.17616752764843,538.8892019155164,2.9602557333929243e-06
125.27112350594643,-42.724586118997934,293.2668331308908,0.14169272628043741
192.65917448370692,5.569799448081852,379.74854951933196,0.043713936697482414
296.0881175706436,117.77341779973818,474.402817341549,0.0014342025503484449
108.08100230439732,-72.9528681263518,289.11487273514643,0.23818187486011153
212.11234865780307,17.42672965308509,406.79796766252105,0.03314112289852232
45.22677427456665,-127.71406408364524,218.16761263277854,0.6039722824043562
135.07771499470618,-38.76681660204525,308.9222465914576,0.12591830851930294
132.19754928500743,-58.20051900263826,322.5956175726531,0.17078499427521737
83.26804637513033,-102.46974031520094,269.0058330654616,0.37476983940586195
176.21766258055413,23.808037078633475,328.6272880824748,0.02401928367893019
200.6999078747699,14.713596625973565,386.6862191235663,0.034790439111020616
198.42777834629487,-3.1092848518175913,399.96484154440736,0.05355139169505008
296.8166319896727,126.61631498216775,467.0169489971777,0.0008459734405596142
115.32554334422775,-34.9801426087939,265.63122929724943,0.13058444389643883
106.27600509409967,-60.38012845033671,272.93213863853606,0.20796759733512246
127.17923810715774,-52.039917474990915,306.39839368930643,0.16167462514653994
250.107070470694,32.54808847478978,467.6660524665982,0.02481607148873552
173.25822479893714,8.207908401993905,338.30854119588037,0.039906446146355835
213.59790487359578,26.377649296990143,400.8181604502014,0.025886065772295814
262.634107043747,88.98417132493586,436.28404276255816,0.0035083206858066204
83.85632701496388,-87.3936250880121,255.10627911793986,0.33244824384653104
172.44205022324013,-1.2856556739701546,346.1697561204504,0.05167763796898766
351.0747248066159,170.47139852378612,531.6780510894457,0.00022470045945512606
271.7293200672134,124.4742879760895,418.9843521583373,0.00043833198512516376
159.28115454636327,-19.455660761778063,338.0179698545046,0.07994185182409834
267.2225600392444,85.4574328312199,448.9876872472689,0.004487930500009602
139.89293162566673,-45.126423256595416,324.9122865079289,0.13616173664661102
94.72864109978036,-86.18066092686678,275.6379431264275,0.3001946092889365
213.30283787850658,42.657309211656695,383.94836654535646,0.015020375930046516
146.87041462742854,-25.54746129324613,319.2882905481032,0.09389722337300521
144.089807447358,-28.85405604592566,317.0336709406416,0.10119391445840951
417.80319648675095,259.36562399504436,576.2407689784575,1.5571228451616283e-06
184.45086157770538,12.917568032820327,355.98415512259044,0.03542514212767006
183.54117184282586,1.5793441232129908,365.50299956243873,0.048094269896872655
229.86347503859042,49.04442642503477,410.6825236521461,0.013395913222873335
370.6472235382507,195.08870571288523,546.2057413636162,7.090893246717774e-05
-41.3498583446185,-221.7815806665646,139.0818639773276,0.649389653439234
242.4627773119969,62.06935667975333,422.8561979442404,0.009121867324335347
301.98650704744387,108.46219182536109,495.51082226952667,0.0026391308072129943
185.94895111590722,12.620128781892475,359.27777344992194,0.03584739270445439
91.58723251697302,-90.68771212582362,273.86217715976966,0.32021841989913463
221.84403757637483,56.76808121306715,386.9199939396825,0.009113347362780399
287.7493856282058,122.72388252680514,452.77488872960646,0.0008506485342104034
286.31229928905805,103.35778422956645,469.26681434854964,0.0025739739316145392
53.51603169744385,-134.0664942985571,241.0985576934448,0.571682558385114
255.73036700418743,71.38439503391746,440.07633897445737,0.007181886714780591
88.87148626252383,-94.4889216414395,272.23189416648717,0.33724799983344433
107.38662643890257,-52.49119117042798,267.26444404823314,0.18500403310366637
268.79500359045505,98.01025323107115,439.57975394983896,0.00243505313701944
309.57868125334426,113.56709744387175,505.5902650628168,0.0023807353666068253
179.12872788887535,5.941688357786973,352.3157674199637,0.0428185784383031
139.85819793791597,-64.88905093004684,344.6054468058788,0.17771385946553964
203.69840484708857,16.35472617082121,391.0420835233559,0.03348342413904476
62.717893855505736,-95.04102682708577,220.47681453809724,0.43101856070603306
208.87419697827545,28.146477946227236,389.60191601032363,0.024073218378290295
324.4278993991152,134.04911518595566,514.8066836122747,0.0011008246640421676
236.52907737052237,71.11295600519247,401.9451987358523,0.005683707277178002
310.4144227855613,130.99251083009534,489.8363347410273,0.0009259289744580229
317.97466388273324,148.83056563778996,487.1187621276765,0.0003520728482038562
263.0719587937333,84.85047350415908,441.2934440833075,0.004334167100528626
73.13414907924744,-124.67882877658195,270.9471269350768,0.46379786449486404
225.5385363297728,44.00594975694821,407.0711229025974,0.015558205594169233
95.72967190656937,-69.045560973613,260.5049047867517,0.2503868163714489
335.56705809574396,149.75708005555018,521.3770361359377,0.0005703831904916748
283.044431523002,107.64477958250978,458.4440834634942,0.0019314711120906585
132.52495298741133,-58.10640499008284,323.1563109649055,0.1702980679823374
309.98560738655624,121.42302205448786,498.5481927186246,0.0016039630810705742
-18.708317504916522,-186.2884680460796,148.87183303624656,0.8246124827691131
307.8053788253055,128.6420749575655,486.96868269304554,0.0010114185613667847
226.30065982408814,28.550325542534694,424.0509941056416,0.02545312985366981
71.59285932758985,-94.90223412186785,238.08795277704755,0.39455962369735376
201.34051931603335,19.14582191211585,383.5352167199509,0.030776218077988412
259.46194888989976,74.8563899665416,444.0675078132579,0.006477427313347252
133.23310695629334,-47.96478084281972,314.4309947554064,0.1472310700463416
43.12357463103581,-144.8094560881454,231.056605350217,0.6490667556543159
312.43256202831435,114.00756956138554,510.85755449524316,0.0024256324760038913
242.47924640356723,85.28899644684938,399.66949636028505,0.0029369613533285106
296.13000296835935,134.06476741055135,458.1952385261674,0.0005143834225194064
281.65740254288585,100.4866914004541,462.8281136853176,0.0027348925505013806
267.69339912135047,70.4015400084206,464.9852582342803,0.008471321538180084
0.5977826338871637,-204.94225005128655,206.13781531906088,0.9953945025577606
118.41457068506998,-57.88785107033638,294.71699244047636,0.18472802585566028
237.78695955201647,36.13517651655411,439.4387425874788,0.021436794501799215
169.6337947549282,-39.851688964488744,379.11927847434515,0.11094038363039728
102.56266249778673,-77.90536227679334,283.0306872723668,0.2613151338898035
150.26035068012789,-36.98914857354174,337.5098499337975,0.114149409040933
292.69568172404115,132.1559348351698,453.23542861291253,0.0005088545811686048
73.86370599786233,-86.71508521198808,234.44249720771273,0.3624653924275094
137.24874803649118,-22.669426613594993,297.1669226865773,0.0914849915264864
209.2478615116297,48.25046406716211,370.2452589560973,0.011552785687425751
242.18363416652846,63.62813196640832,420.7391363666486,0.008493964758475888
198.41495347449336,12.46386877825313,384.3660381707336,0.036815017103434836
213.95213661898833,28.09252284667022,399.8117503913064,0.02461797657285215
134.7707278679327,-63.928454076544654,333.46990981241004,0.1807297459120633
85.99617369426369,-77.0605991353361,249.05294652386348,0.2968577442847966
182.27230396743607,-28.062702842084462,392.60731077695664,0.08844609097122935
341.5588101254266,139.36325130827257,543.7543689425806,0.001201921484136993
188.91708103250494,13.741379469082347,364.09278259592753,0.03490010421146501
288.5305215769404,116.953027287981,460.10801586589974,0.0012647691157830698
210.35993627915695,39.10318452595084,381.6166880323631,0.016744417150958032
63.91073470143692,-100.64613339433492,228.46760279720877,0.44156501760085476
158.77388358639155,-1.3059676704667424,318.85373484324987,0.05185201177644947
157.26043024177352,-22.1837163207596,336.7045768043066,0.08496640714820869
269.37002064739363,113.91406497787648,424.8259763169108,0.0009182579519049181
189.18291410285383,14.029746777626627,364.336081428081,0.03462983805806283
329.28480857669047,127.67340459925984,530.8962125541211,0.0017634293584468724
315.20232662943727,140.6631189942846,489.74153426459,0.0005660064640619743
88.60320107379812,-90.1227127770035,267.3291149245997,0.326254871489729
260.0573722308268,73.57796587733762,446.5367785843159,0.006901204989806004
220.1348098837857,41.061294573400545,399.2083251941708,0.016676438065309378
368.3468524548416,170.4396112229482,566.254093686735,0.000393403932223946
56.80425485430624,-147.94191062014318,261.55042032875565,0.5822047940898827
217.82869868805665,22.542200997959696,413.1151963781536,0.029308531249254813
165.914351036241,-20.62428844395825,352.4529905164402,0.08042337939581182
298.55535901324765,109.91548840433384,487.1952296221615,0.002309168268230633
211.31806347918746,22.15752809925246,400.4785988591225,0.029043511072135268
161.14096692731528,-13.78694799046508,336.06888184509563,0.07047643953071987
66.11909383285501,-107.51450564081671,239.75269330652674,0.45067072634128413
206.17562827971278,17.029170551021906,395.32208600840363,0.033045656470155976
121.28170939997472,-58.96080216537078,301.5242209653202,0.18425986493846006
299.04553892896047,130.84626358356445,467.2448142743565,0.0006837864498920169
6.411213359415797,-135.86532634281923,148.68775306165082,0.9287451782606053
126.49687080511512,-47.90615467248546,300.8998962827157,0.15266470963313375
173.55111698984638,5.770551055511135,341.3316829241816,0.04280074342396327
212.16585688585837,15.422743115247329,408.9089706564694,0.0349074444541914
305.35865150608424,138.52085655830598,472.1964464538625,0.00048434506375785583
163.64789666018123,-10.253229528426942,337.5490228487894,0.0647470083277344
265.4320323571901,96.3588661818774,434.50519853250285,0.0025489113932146016
285.91956370880007,110.6998020933029,461.13932532429726,0.0017171453548365046
244.396488361534,81.41476054814976,407.3782161749183,0.003809080458529371
172.84644496741385,-16.801797321684944,362.49468725651263,0.07344406322943157
97.07042261343668,-86.79172373467645,280.9325689615498,0.2964709903745768
178.9387621292708,-1.9377628479828388,359.81528710652447,0.052443133195876936
376.54491003149315,217.38184253255352,535.7079775304328,1.0834911601742926e-05
222.15816675047017,40.11509001154377,404.2012434893966,0.01742627585016308
234.16567415365944,48.75725218346881,419.57409612385004,0.014004437074564407
92.52368361663866,-78.32604951839494,263.37341675167227,0.2842090553951308
125.39787551264317,-74.4896112184039,325.2853622436902,0.21531689535148535
173.22744878488993,14.074953671916091,332.37994389786377,0.03331326513119396
114.90374346706449,-71.94065497283864,301.7481419069676,0.2244082426662845
181.66395082122835,23.634805332935258,339.6930963095215,0.02483391899536749
195.9104058276921,12.397460384752605,379.4233512706316,0.03673885177786447
131.80750686217652,-27.561856552285974,291.176870276639,0.103650875093503
337.6194883481053,162.75912801626478,512.4798486799458,0.00024795045086192265
139.1805849889456,-44.32654144810684,322.68771142599803,0.13508776481004803
325.52827516453544,150.2523941735067,500.8041561555642,0.0004139199858113407
165.9581875125209,-4.175803321643258,336.09217834668505,0.05574842126667068
273.10180512357465,119.99286779639226,426.21074245075704,0.0006557619356866546
130.46756338650084,-50.11304722218304,311.0481739951847,0.154256986911285
174.94852155566377,9.381111225937417,340.51593188539016,0.03863190510048706
214.00986613964915,49.594555630503436,378.42517664879483,0.011406587343366617
140.95568492956136,-47.248515843843364,329.1598857029661,0.13998210653049453
9.283634309020272,-169.12608598115847,187.693354599199,0.9177468199923832
98.12882101066589,-61.49453184679342,257.75217386812517,0.2246491265347177
136.70965900020565,-28.428482755688947,301.84780075610024,0.10334032213315775
186.8872462214631,-4.314580545328425,378.08907298825466,0.0552647400693492
265.55163672522167,87.8438832372353,443.259390213208,0.003899245968830839
305.66900571528413,142.29757330465625,469.04043812591203,0.00036802615782499155
225.7186487844824,66.5484503465324,384.88884722243245,0.006037457661051584
252.61739100996783,73.66411533230428,431.5706666876314,0.006253954817305169
425.49904866543466,240.76712517649142,610.2309721543779,1.764328363779331e-05
85.42242211056691,-96.98068538300393,267.8255296041377,0.3540306419445711
232.27632681328396,58.035650752427784,406.51700287414013,0.009640217917071224
162.8412866702447,-6.234644174711576,331.91721751520095,0.05884057896152315
295.8393593925189,140.0001815933243,451.6785371917134,0.0003062470920769753
118.9746144934702,-74.09777511120208,312.04700409814245,0.2235873454141631
156.63864095915278,-20.37446067685721,333.6517425951628,0.08201529251053137
154.2092004350052,-17.197764838922808,325.6161657089332,0.07715626764753915
200.22729313562604,48.49895065156997,351.9556356196821,0.0103792553270991
215.7401225510921,27.808023715001582,403.6722213871826,0.02500740358698108
229.0413992975664,47.4561619177903,410.6266366773425,0.014101508456427698
113.25852470783002,-81.33575474574633,307.85280416140637,0.25009554276697443
138.7315575298203,-26.331951071584825,303.79506613122544,0.09824644153945865
166.42234464613284,-1.0032147565085836,333.84790404877424,0.051354568016484387
80.88440509206066,-121.11091861230989,282.8797287964312,0.4277471405996387
49.690504441704434,-119.92060352274683,219.3016124061557,0.561207212568352
25.93049535328464,-142.83206255507827,194.69305326164755,0.7604924558284677
243.954371522776,64.76431418553082,423.1444288600212,0.008266072210799799
127.28677691063331,-35.603110337629886,290.17666415889653,0.12381123641959349
197.26558263534707,17.926464694487663,376.6047005762065,0.0315239449937563
81.93893951440168,-88.57662134594369,252.45450037474706,0.34118536257876364
302.4140850955373,90.58413099114179,514.2440391999328,0.0057157996178275605
168.91394061351275,-0.8428229348277512,338.6707041618532,0.051119378306338635
303.97057509013894,131.65090471716297,476.2902454631149,0.000747077506546628
161.42577470207107,5.0932274160134625,317.75832198812867,0.0431580251105145
177.57618390193966,-13.833796469959822,368.9861642738391,0.0685120963262094
65.5645288322803,-95.29216252912121,226.42122019368182,0.4193570409676525
29.474697305864538,-165.45188994761614,224.4012845593452,0.7640033535493861
210.22587189438127,23.803184112109363,396.6485596766532,0.027652365317107058
93.89328335539085,-78.5666395101689,266.3532062209506,0.28160097638800474
15.55148160216504,-150.36434035937046,181.46730356370054,0.8524279110737474
194.08168357115937,23.415559762019143,364.7478073802996,0.026376761789758348
178.87040988543822,-8.352145124557126,366.09296489543357,0.06085098113886887
273.0525941953415,102.19971742547577,443.9054709652072,0.002104939598551029
208.13727040501908,31.0597465931001,385.21479421693806,0.02185270567231024
279.4479366409778,103.32660917031933,455.56926411163624,0.0022700665299323045
287.3468945946797,114.45118581144416,460.2426033779153,0.0014204666776744075
254.09772037325956,71.7625165064126,436.43292424010656,0.006944633405194831
250.79470278711733,86.83661282014555,414.7527927540891,0.003171212682150997
233.5371612956933,57.38344086703063,409.69088172435596,0.010031953002886779
59.539623671799745,-114.9164813816733,233.99572872527278,0.4985462870506966
326.966490772013,161.81847647456163,492.11450506946437,0.00017911520286812072
258.2218502217547,74.11306616094953,442.3306342825599,0.006594949905128902
79.77887593100968,-101.46599380079587,261.02374566281526,0.3834699340285206
-79.7722335733115,-267.21413132558285,107.66966417895986,0.39920385307119677
200.40532313373342,17.78547366624565,383.0251726012212,0.0319608338109064
53.763015209473906,-123.02911426770757,230.55514468665538,0.5460099608576481
200.70432639695537,24.594333487926093,376.81431930598467,0.026110592382084873
417.8269270488863,237.96649477445112,597.6873593233215,1.4934941616474383e-05
147.16762864912016,-18.879520767402454,313.2147780656428,0.08155149738119628
122.99888848765931,-71.07669419384581,317.07447116916444,0.21075177666665412
78.681383896037,-94.6441141668866,252.0068819589606,0.36864405216076035
258.4729189778395,67.86708312105463,449.0787548346244,0.008507781085826891
214.76323713443344,19.309516149619895,410.216958119247,0.03171305824702951
122.41784818936412,-62.412516853084355,307.2482132318126,0.19114506436065723
233.79541283449407,41.45394047222862,426.1368851967595,0.017902788959134996
-16.839304911127783,-206.1072453801379,172.42863555788233,0.8597785225459011
237.32316211727084,54.762247530188034,419.8840767043537,0.0115086793845794
89.19024803007233,-86.38081916046536,264.76131522061,0.31496911128358923
278.6273972705558,101.65790272935902,455.5968918117525,0.0024702466390105855
141.33215886600738,-21.939001181280048,304.6033189132948,0.08876376678274066
345.84473037860016,158.57517879869079,533.1142819585095,0.0004327192476309366
191.3133689403753,36.5735161185618,346.05322176218885,0.016066756808661292
153.3298260619058,-15.059950683560146,321.71960280737176,0.07370220809986124
180.4681013734662,19.66929583221534,341.2669069147171,0.028344129279030874
148.55760129977443,-29.274722215414215,326.3899248149631,0.10028031909662322
227.43221626433933,54.909153504478866,399.9552790241998,0.010437633966084887
133.21910555761997,-29.791269763135745,296.2294808783757,0.10775681217476676
243.31499627378116,72.67824152642069,413.9517510211416,0.005806541967673032
175.3543090297644,6.711621166102418,343.9969968934264,0.04175499881771473
149.45737371404903,-37.17427070126047,336.0890181293585,0.11490110684416698
265.6810876112627,109.57553681904304,421.78663840348236,0.0011131945126291536
222.3527301942445,47.678929658781556,397.0265307297074,0.013279415650516446
368.81154796923374,196.50952005536521,541.1135758831023,5.651283143087433e-05
428.35673013285987,263.9589340469499,592.7545262187698,1.9316584178499297e-06
155.68626348672024,-24.60901317227578,335.9815401457163,0.08951953038477788
247.66478984303467,78.72817302420577,416.60140666186356,0.004611841201688746
197.8647467166802,65.26170678576207,330.46778664759836,0.003983318230839806
300.420702493469,105.371578036481,495.469826950457,0.003065621748119481
163.2359390217539,-4.3881656490666785,330.86004369257444,0.05615156334610074
167.79309982198538,-6.009475771803153,341.59567541577394,0.05825510404573069
397.4077976331132,227.8513111776042,566.9642840886222,1.2891970119515022e-05
242.09698334227824,41.53139677228603,442.66256991227044,0.018632295899095125
195.26052953428461,25.433815559114265,365.087243509455,0.024786305388810447
236.5760973057586,39.7083288386205,433.4438657728967,0.019162848084340146
175.24232153162438,27.120870953198647,323.36377211005015,0.0210184641452674
388.56783853512025,194.07532155591213,583.0603555143284,0.0001708455187162463
225.72372006663727,7.27648439150218,444.17095574177233,0.04301331242941035
88.74309996880675,-92.54619828994117,270.03239822755467,0.3326589756277192
233.03344794791064,49.603984277479015,416.4629116183423,0.01344902522134917
60.67294742153126,-108.83250282110626,230.17839766416878,0.478095597409152
334.17459315735914,152.54729875232894,515.8018875623893,0.0004556480373784345
136.746440416724,-33.14537803877823,306.63825887222623,0.11307130888671543
314.6505950379237,148.48989992091703,480.8112901549304,0.0003217477269525878
306.1595879951901,131.671148301186,480.64802768919424,0.000789807510258354
237.08009480051624,28.932139558597783,445.2280500424347,0.026125000432118732
130.69575378403533,-18.123565966254716,279.5150735343254,0.08421830738972443
162.0034755812053,-11.069819059073922,335.0767702214845,0.0661499074784725
197.7239929168377,2.5390415452876027,392.9089442883878,0.04716378908588782
225.95834644950037,57.259243618517104,394.65744928048366,0.009319807781180465
264.2253094163452,102.21556819395286,426.23505063873756,0.001721578668560534
154.0031491507325,-8.017290051959549,316.02358835342454,0.06215402866170363
232.0413837324313,60.061582611188726,404.0211848536739,0.008868732097633246
48.7401315520633,-140.6307850236893,238.1110481278159,0.609788878325259
276.95932501041307,114.0018315798699,439.91681844095626,0.0011216409814023033
220.36170595651902,20.624334391231912,420.0990775218061,0.031034705975474464
161.60215792965482,-10.721026557447715,333.92534241675736,0.06566077590332087
178.5081969527355,-24.653675935614473,381.6700698410855,0.08417979731051123
213.58493954295864,36.741444847492886,390.4284342384244,0.018571262560749018
292.2678246837436,107.60195042371882,476.9336989437684,0.0023464955188670375
270.60174554458945,98.24593890647813,442.95755218270074,0.002507021384041295
239.96892734751873,63.980841606119014,415.9570130889184,0.008174217086747001
302.64374845307884,131.22056467620268,474.066932229955,0.0007383393652230806
149.69174537177605,-34.5718970391394,333.9553877826915,0.10984411109932933
325.630179469852,124.52080739363348,526.7395515460705,0.0018595921026466075
283.7208646149443,109.24057447723308,458.2011547526555,0.0017806064833707008
271.0127596023399,97.99997893038062,444.02554027429915,0.0025507079565603888
211.67628890502965,31.719667767301303,391.632910042758,0.021765128815340668
184.39055545469,-2.3842571823652463,371.1653680917452,0.052923725957325155
167.27620020496852,1.9668970857506167,332.58550332418645,0.04740024007596679
227.92302271538756,39.32073441459491,416.52531101618024,0.018502505517056848
93.63235458755298,-75.19152968719766,262.4562388623036,0.27275911273432046
209.43213749246434,18.791271182909554,400.0730038020191,0.031742095248506685
244.10753276449304,70.64217063408131,417.5728948949048,0.00646345947350429
163.30868409906998,-3.6384850495716705,330.2558532477116,0.05507599318238547
194.36254119390424,34.24026558282816,354.4848168049803,0.01800568951047493
377.70686672100146,201.6178259827968,553.7959074592061,5.482988592918554e-05
145.61933114975,-10.6283953463346,301.8670576458346,0.06731332997045557
190.3973775106292,20.687624155043892,360.10713086621456,0.02840559970549553
209.2432106808833,18.228883616711897,400.2575377450547,0.03222353838914158
214.146530450525,2.292930327770449,426.00013057327953,0.04763219565302634
372.8923530369111,170.58520659981536,575.1994994740069,0.0004543339232004627
253.56578568633404,74.83303022929832,432.2985411433698,0.006013332192188004
169.90526469193037,-7.122286637856803,346.93281602171754,0.05971130240431089
185.3203612945813,-10.23757410674267,380.87829669590525,0.06290610702955927
271.20688441737275,88.67848722818493,453.73528160656053,0.004103010607659055
262.54738155875975,80.17084160387802,444.9239215136415,0.005344072135470235
209.54841370778104,58.56983246832627,360.52699494723583,0.007150813502633449
232.8318304804534,49.23565863615994,416.42800232474684,0.013625873479436315
206.89991737939454,47.90702301583357,365.8928117429555,0.011462492406751167
169.18984936519928,-13.655164295782328,352.0348630261809,0.06923097412088036
228.63677296240758,40.445251752778745,416.8282941720364,0.01793485778554009
279.3666288877298,74.90778997158986,483.82546780386974,0.00806901192856095
42.40318299388173,-113.07449837959047,197.88086436735392,0.5885518043147856
76.07136344215769,-109.32928542365369,261.47201230796907,0.416432283853152
300.2618296135897,117.06338469447982,483.4602745326996,0.0016414829797745474
299.23327221257205,111.19470897423909,487.271835450905,0.0022118881800717643
360.22747877277425,176.59481140706927,543.8601461384792,0.00020335220156449859
190.61428119898483,21.30169751836428,359.9268648796054,0.02785343394573743
225.0389338060263,18.922915834884833,431.15495177716775,0.032781795429111624
-12.709749133202422,-201.51598898028894,176.0964907138841,0.8937097096189872
294.59694123439476,135.8633942159335,453.330488252856,0.00040722945674126254
150.94229605906276,-13.93511440562611,315.8197065237516,0.07218396479263073
269.3259146122805,102.462449347138,436.189379877423,0.0019115096712939853
329.0110101704745,121.79286551197038,536.2291548289786,0.002239532037094429
193.0811321543274,37.312577370163865,348.84968693849095,0.015789898041735216
69.54515589012226,-105.09346755380079,244.1837793340453,0.4301303555783422
83.46107537877015,-81.3830048602178,248.3051556177581,0.3164926351138799
201.64777807976907,1.6306572412293008,401.66489891830884,0.04820651376244336
151.98415060953857,-18.433327575992195,322.4016287950693,0.0797083801811422
154.49146391127988,-6.571882100477183,315.55480992303694,0.05985830855781989
245.0679037173477,84.22178429242621,405.9140231422692,0.0032868026957600595
30.74416236612342,-143.5482893467214,205.03661407896823,0.7264043228721626
370.0831909721469,201.13633324731512,539.0300486969786,3.931137512206803e-05
270.4091527933142,71.25067522402065,469.56763036260776,0.00843310976831186
268.2897395360087,81.83041549721099,454.7490635748064,0.00536716167103333
63.81119279612267,-108.72260880002463,236.34499439226997,0.4637074501643822
271.6393159327372,98.8403958554232,444.4382360100512,0.0024668585901201257
236.36709723795275,57.67318885904538,415.06100561686014,0.01019440220600531
253.47769628071273,76.30241695054158,430.6529756108839,0.005662497512884166
188.0749047247673,-3.828365936395386,379.97817538592994,0.054622292921713604
252.52670803071396,77.9474574181603,427.1059586432676,0.005152010370168675
207.3967604282111,44.94244168487887,369.85107917154335,0.013032637491650564
341.76132765846387,137.91491701934143,545.6077382975864,0.0012972144683002272
272.99947290160026,110.61527323372337,435.38367256947714,0.0012593779163681928
185.2109576194075,-6.779325681831949,377.20124092064697,0.05843919307594874
38.47666578493727,-139.14363141303707,216.0969629829116,0.667463900041584
143.7413514487348,-47.73419861368092,335.2169015111505,0.13903090083290365
147.56117899661422,-59.84362929310004,354.96598728632847,0.16060155305027363
281.02957040127194,87.40243312765904,474.65670767488484,0.0050085392900155075
128.3786202417873,-25.03913029715801,281.7963707807326,0.09974014820601933
324.24652615163086,162.7986480896547,485.694404213607,0.0001449137268865143
85.09211603983567,-90.74294973531852,260.92718181498986,0.338262691707401
210.88388155094117,39.56745739136693,382.2003057105154,0.016517853594516407
120.25837258509682,-47.69501288758559,288.2117580577792,0.1579634422289129
329.33850241655455,140.29319276754507,518.383812065564,0.0008572263222596414
174.6017739288527,-16.62778603338026,365.8313338910857,0.0729335103171266
228.52979752167812,34.70365352683933,422.3559415165169,0.0214859895389845
218.03823391085143,14.964121030555532,421.11234679114733,0.035686755726337886
118.82625119541399,-41.65297215455982,279.3054745453878,0.14447230823684068
245.89468275196168,62.92576857772792,428.86359692619544,0.009095097722446464
-3.809032711073087,-181.30347130157924,173.68540587943306,0.9660307364617401
157.73743908397955,-49.2056664669546,364.6805446349137,0.1331556794201824
-11.69117511779632,-203.82187278207257,180.43952254647994,0.903809412201431
33.666432191434524,-151.64554623919804,218.9784106220671,0.7184155263926979
327.7906241924002,153.4693021075678,502.1119462772325,0.00034881265408968914
205.14595258903228,35.10733174788757,375.184573430177,0.018690955310239673
149.86226267917073,-36.03863213770106,335.7631574960425,0.11241454429411621
244.23075835244117,59.736830184209424,428.7246865206729,0.010193877860970592
90.20548266506967,-104.15644956297331,284.56741489311264,0.3582988120944498
120.71071366265778,-47.548446778255595,288.96987410357116,0.1571806791068422
357.1973004350357,191.03353539970553,523.3610654703658,5.279299607445985e-05
277.8329642809331,72.09855358498783,483.56737497687834,0.00878317018890241
223.91710195796122,54.589786659506416,393.244417256416,0.010346174614528136
158.978109231276,-34.87797907493629,352.8341975374883,0.1065678704618229
11.79343020380793,-152.53311847357259,176.11997888118844,0.8866732271220594
120.75155692177714,-67.60149180598583,309.1046056495401,0.2054826038693728
213.03503506344805,39.032193687126465,387.03787643976966,0.01706855175178185
230.37758574387,56.41165248645751,404.34351900128246,0.010115072081460393
342.1026963032691,169.19495838952355,515.0104342170147,0.00018125083553037976
410.23237481642354,231.28582486715038,589.1789247656967,2.079625501183338e-05
187.53207488510952,8.635634149909492,366.42851562030955,0.040175340560033794
330.93993245314596,165.2745907761623,496.6052741301296,0.00015498865390702244
219.60660938793262,47.615034318515455,391.5981844573498,0.013006332297889351
231.01326105068347,49.17379852782895,412.852723573538,0.013451354282056401
224.06866269829698,43.91922968607787,404.2180957105161,0.015447190211990472
302.4195195285379,106.89473556781212,497.94430348926363,0.0028783687794067692
257.2010915130163,86.54019414167036,427.8619888843623,0.0036283201481795042
250.31200453906104,83.57399076825519,417.0500183098669,0.0037454953382558666
282.27029096305023,86.90160959192605,477.6389723341744,0.005195329604589707
100.12534777154724,-101.38490981849483,301.63560536158934,0.3253626185127486
245.78272295703437,52.69772247437814,438.8677234396906,0.013315483947606798
224.2572690852112,54.96885124386347,393.5456869265589,0.010099648073330999
283.94097640492237,123.29186023187327,444.59009257797146,0.0007304376699002321
75.55823021822835,-90.95879382020976,242.07525425666645,0.3690928300724975
204.27441037982317,13.598857061420574,394.94996369822576,0.036106786934652794
128.93417302663147,-68.12323727354519,325.99158332680815,0.1964758875354567
78.9375602920195,-94.1204132675613,251.9955338516003,0.3665880201608336
304.4064197037105,119.89105706573625,488.9217823416848,0.001542265453938532
363.5088560700301,204.9767024970403,522.04100964302,1.8464764857546166e-05
128.6191344094259,-53.654869384408215,310.89313820326004,0.16402324367604249
149.1204848274997,-31.248786241802293,329.4897558968017,0.10377919672403557
62.92762602880612,-122.96945485120185,248.82470690881408,0.5023319423557331
138.99123426831648,-50.53861031151277,328.52107884814575,0.14830999376231674
133.0449137783512,-42.95698623263033,309.04681378933276,0.13637843462044996
377.699613693655,199.22884022184863,556.1703871654614,6.714456215432884e-05
263.9593493673806,103.37416037088448,424.54453836387665,0.001616887081462066
298.5761290023729,134.61358691714602,462.5386710875998,0.0005137923022811401
204.29281247757172,17.957514638328405,390.628110316815,0.03206621993385813
86.28890383376302,-86.93052827100084,259.5083359385269,0.3243927099691607
271.4374601430727,94.04862194720383,448.82629833894157,0.0031689175465440997
174.10575357113385,-8.28541981052831,356.496926952796,0.06107346281559511
153.2661793976149,-32.297786564562244,338.830145359792,0.10413149591664411
205.40187284252625,28.570451320980226,382.23329436407226,0.02339380211887088
26.86979736366584,-155.2044997065171,208.9440944338488,0.7692638425803205
162.32936251817273,-7.491897598353404,332.15062263469883,0.06071465605424015
151.20869198396758,-14.160087411787288,316.57747137972245,0.07253407983186227
101.15392007969785,-101.10172728155024,303.4095674409459,0.3224843153553295
221.08664883051733,57.416007953230604,384.75728970780403,0.008757079783269733
115.53352711628986,-60.10938148535439,291.1764357179341,0.1940704841079752
237.53095183928554,52.9327629769098,422.1291407016613,0.012367998971336678
79.59282585614073,-97.2276923573823,256.41334406966376,0.3728917495708295
303.47243502164747,145.7660440276171,461.1788260156778,0.00026280012977093157
122.0827553332806,-33.83127330863934,277.9967839752005,0.12299042375570714
204.3035057869106,27.900587792854452,380.7064237809667,0.023789085132045727
346.4662825964392,156.12791968898915,536.8046455038893,0.0005156973222373617
339.1271853378789,180.84855510378983,497.405815571968,5.588137784785021e-05
267.3763635500991,70.44254850913845,464.31017859105975,0.00843561577622397
313.73872251092644,136.35335178639951,491.12409323545336,0.0007211137398745737
346.283015209362,175.2366671200316,517.3293632986924,0.0001285220805035765
230.38568216226486,64.90447394467515,395.86689037985457,0.006971421290529248
57.00729025777491,-127.14714065601748,241.1617211715673,0.5394419505355283
235.682331084241,76.78323674170667,394.58142542677535,0.004159344306290893
211.147469996165,47.87836262245787,374.41657736987213,0.011935764488778408
266.94233961591044,63.496425865597985,470.3882533662229,0.010815030393464802
125.95018013733943,-30.995555226449966,282.8959155011288,0.11415959930832462
264.11869104565085,81.2112943605822,447.0260877307195,0.005211443809449729
220.65643390799823,28.789842446356886,412.5230253696396,0.024791135912558684
264.86492708350124,88.23784663693982,441.49200753006266,0.0038608497479380895
158.35123059399257,-20.029571689868334,336.7320328778535,0.08107237849793
284.0857175647052,106.4576025511974,461.713832578213,0.0020877428401657613
212.26567012419991,29.735224257037856,394.79611599136194,0.023252358962847896
226.46260134466593,45.08284428486459,407.8423584044673,0.015125825125425044
34.068716702486654,-148.08529194848927,216.22272535346258,0.7105121650710546
163.96012733065072,-37.01404037745979,364.9342950387612,0.10826605488147835
43.09895053046921,-158.31339727915994,244.51129834009836,0.6712237774434555
313.5544789168889,117.39929193119715,509.7096659025807,0.0021038340039730495
115.41305875440457,-51.38371702388608,282.20983453269525,0.17225586912561613
258.6512758274548,58.120115854393305,459.1824358005163,0.012163638613932602
267.7011749740809,67.80237961161666,467.5999703365452,0.009344429341994996
219.54395837809443,33.277055740277746,405.8108610159111,0.02155260459824847
178.56772363750497,8.057208971109418,349.07823830390055,0.040349879070101194
200.42879865711075,18.87545894537132,381.9821383688502,0.03093868395455209
57.01450807945503,-108.46663396118603,222.4956501200961,0.4947945703785015
154.19314224673553,-40.678490704649505,349.06477519812057,0.11923339103350378
228.75770209976645,33.14105968835548,424.3743445111774,0.02252292303568561
135.45583459116688,-43.917101042057766,314.8287702243915,0.13675298958809298
259.99219398854984,80.36867420617597,439.6157137709237,0.005111012305853959
233.9428206374273,43.28360704654284,424.60203422831177,0.016842376450566368
221.9068111924703,3.2594191969094197,440.5542031880311,0.04676154479901612
154.51225230217415,-26.49736162453283,335.5218662288811,0.09320396564891695
117.88735407970671,-87.22571297081899,323.00042113023244,0.25602833011844023
60.27741839528744,-108.373022990631,228.92785978120588,0.4785956032156087
10.546727210050904,-152.65409425156727,173.74754867166908,0.8979312380801772
294.18635726693765,105.1831146018574,483.1895999320179,0.0027021991197703618
270.1517086801041,86.01117315234634,454.2922442078618,0.004564283135995646
59.902497346995915,-110.23146178567657,230.0364564796684,0.48533769237547375
211.5093830133933,34.59867659558,388.4200894312066,0.01976717281485087
130.609368683713,-51.44073918868264,312.65947655610864,0.15719527977697093
196.5393504248441,2.4757794276241896,390.602921422064,0.04722213242340845
69.18616574293856,-107.93216349927948,246.3044949851566,0.43866484133278283
273.83613349077314,107.67117173560936,440.0010952459369,0.001574039303831675
116.67252247211582,-44.207855047115316,277.552899991347,0.15276476213250498
196.6267654239282,17.60259743634873,375.65093341150765,0.03177344918279695
147.94629076951514,-26.07140836217613,321.96398990120645,0.09442062259125085
263.9898425631859,79.98021880912415,447.99946631724765,0.005498143312980308
182.979645441535,-5.486467028650367,371.4457579117204,0.05687760301135299
282.15568965426564,74.79243087437555,489.51894843415573,0.008295575791908342
300.3632454745634,143.59694229945507,457.1295486496718,0.0002842220475345904
55.41446063133617,-106.07518635152638,216.90410761419872,0.49653597481371303
117.20881323114008,-45.39874102904429,279.81636749132446,0.15517927345607044
238.27785690881,94.31573030696416,382.23998351065586,0.0014831159768039749
244.05594930559528,65.09648934669872,423.01540926449184,0.008157225803689789
49.43040534330885,-124.45904701571163,223.31985770232933,0.5730665736608662
224.4205248827452,52.30092752394779,396.54012224154263,0.01127556249620132
137.3765127592087,-52.164845674653264,326.9178711930707,0.15303767824642556
176.16061339561838,-3.006502943576038,355.3277297348128,0.0538729791320124
97.47881524677678,-96.62882862089091,291.58645911444444,0.3203261317966545
291.676759324022,118.08132406299163,465.2721945850524,0.0012676375594414427
199.80650568311103,6.685836310671704,392.9271750555504,0.04275694891434474
354.5856920510705,181.5949588484791,527.5764252536619,0.00011088389228918816
96.58894757497228,-65.02169931663738,258.19959446658197,0.2377110817890176
151.6595891666134,-48.995370215737694,352.31454854896447,0.1363680309344761
190.85090287431103,14.494290261104766,367.2075154875173,0.03430048659160686
203.9959414046125,8.655386688071417,399.3364961211536,0.040904714620308404
188.9044961694358,45.19847091157882,332.6105214272927,0.010650557123346492
205.71513900101672,8.626121151358092,402.8041568506753,0.04100133761133454
426.77658516227393,253.0428615488533,600.5103087756945,5.3121771358280386e-06
198.71691980938613,-0.14671610199081897,397.5805557207631,0.050165135311339856
104.07366695331757,-69.5526738238128,277.70000773044796,0.23635168383591856
-8.968612885046696,-181.5750819326568,163.6378561625634,0.9178735058729669
210.78878907142098,44.102945792815376,377.4746323500266,0.013865428220808726
50.11782730813138,-136.10958821662413,236.3452428328869,0.5936212523130857
240.8084503121404,48.355079636998596,433.2618209872822,0.014860013590157739
109.62291649001145,-60.32195992728333,279.5677929073062,0.2028672313624643
250.3224411271167,56.87519515918834,443.769687095045,0.01188143620216982
76.46065632865702,-89.6539360078786,242.57524866519265,0.36230040540100716
5.5364793555077085,-167.42998879123616,178.50294750225157,0.9493385203180491
165.33472603307882,-11.52477812685251,342.1942301930102,0.06649385313784142
460.98944184794664,287.04298493692414,634.9358987589692,1.3064247913056776e-06
118.96098619202621,-61.45630139856394,299.37827378261636,0.19276000629259699
341.0467176203674,148.05357791052853,534.0398573302064,0.0007304245014647319
262.01820902861255,91.39849678067614,432.6379212765489,0.0031453683114865956
269.7669286142186,102.8918338896172,436.64202333882,0.0018917644033991604
210.55422767923346,49.34458751422014,371.76386784424676,0.011148035174297693
245.9538474548158,77.57260671982075,414.3350881898108,0.004737768674336595
206.66335465736847,19.974801297134064,393.3519080176029,0.030497505943636972
256.2435743126757,80.62716875849506,431.8599798668564,0.00478067673033937
196.5066923517711,17.7365313487347,375.2768533548075,0.031653293450237915
180.8071158099806,1.1893372907464652,360.4248943292147,0.04853866734301697
163.74132175129625,5.366115565145037,322.1165279374475,0.04290748683939554
128.31268512224415,-47.024979065813966,303.65034931030226,0.149139571471694
136.88398964355383,-51.44679093309861,325.2147702202063,0.15190323279651927
167.71665260639702,-24.51862684491806,359.9519320577121,0.08632328612437447
225.40140917008148,44.6849742722527,406.11784406791026,0.015225816151307737
179.97776041269753,0.892106006273707,359.06341481912136,0.0488974188467286
41.96654504596745,-132.6924863441689,216.6255764361038,0.633660748152751
96.14885244185552,-85.15620046678262,277.45390535049364,0.29395609216173385
203.83836928198434,36.29520280033972,371.38153576362896,0.017751120979296618
257.14099520054333,90.14232004609667,424.13967035499,0.0029890997656534402
379.0964218423046,166.67272275079938,591.5201209338098,0.0006534427942433901
130.18021119958848,-31.274050218481506,291.6344726176585,0.11221675280752463
82.61028891870092,-70.49543760369244,235.71601544109427,0.286047745525966
108.48488938720993,-45.5584880354954,262.5282668099153,0.1648589840713153
307.2786835771576,169.47910868696886,445.07825846734636,3.0218329247949276e-05
264.15158041220275,79.24652947095325,449.05663135345225,0.005739135988696805
89.9920239861749,-81.9565490642604,261.9405970366102,0.3006575670570377
285.16997904805385,111.1187919844439,459.2211661116638,0.0016586593622760157
252.13833750601407,70.04834902119836,434.2283259908298,0.007303146874192931
225.91000501947428,43.69190128543349,408.1281087535151,0.01581329162139001
319.21986525597686,141.65683142966435,496.78289908228936,0.0006005771022577503
160.24037033305422,-5.883368840331713,326.3641095064402,0.058463769911334944
317.23274061262373,144.20136231337293,490.26411891187456,0.0004924360582917
221.59333608355018,30.16543646309205,413.0212357040083,0.023855139854505752
138.6768876641304,-26.41047950282325,303.76425483108403,0.09842500007392788
149.85714531275062,-26.67677245023691,326.39106307573815,0.09500289281343965
127.00395823289136,-24.317785738974607,278.32570220475736,0.0986920587277196
152.07079489361513,-24.133538730991063,328.2751285182213,0.0897169168370587
139.50653630838633,-55.97631732554851,334.98938994232117,0.159368878267793
327.5634209706027,160.5215920161542,494.6052499250512,0.0002064154000088165
200.77554458148597,41.27173836585044,360.27935079712154,0.014303975238808274
255.02342193740697,98.17334782611539,411.87349604869854,0.001795608476097381
253.27187719996436,64.85734525227866,441.68640914765007,0.009077668347699474
359.6276536968485,191.70591918058412,527.5493882131128,5.785962166067293e-05
340.6137665424153,176.4715924262902,504.75594065854045,9.151257124600041e-05
47.95380209733639,-147.15167720247587,243.05928139714865,0.6252476245214827
160.4263740042311,-35.95790868048704,356.8106566889492,0.10783006292088172
247.20776621962932,74.75506319867537,419.66046924058327,0.005559527197205456
251.3282151398339,77.65207017181541,425.0043601078524,0.0051204242854348695
241.7244775590957,71.23873695267574,412.2102181655157,0.006090910199661612
175.75866439406946,-13.518255638251446,365.03558442639036,0.06821871164314738
262.7537726161404,88.13060867802628,437.3769365542545,0.003696339464624692
140.43535776860017,-42.34081003478704,323.2115255719874,0.1301301586812453
351.20662510808324,178.84283899650546,523.5704112196611,0.00011724416649961251
200.59362584583687,15.661260255768696,385.52599143590504,0.03390689011386959
63.019692022514846,-109.03260213646877,235.07198618149846,0.4680341304712311
222.02739665385525,66.50687505489813,377.54791825281234,0.005731404583058482
121.00968569356837,-72.08738905858962,314.10676044572637,0.2158914095934094
399.0288242683573,221.50092567670455,576.55672286001,2.6917031020664858e-05
290.417533538759,130.65347922098195,450.1815878565361,0.0005241184656541741
-0.9823493251919899,-167.46588340830905,165.50118475792507,0.9906542166439254
240.1484662354892,62.820452113195984,417.4764803577824,0.008597399372395838
203.89918851881384,15.100241180569924,392.69813585705776,0.034647598898989364
208.32981411106402,2.310507150307842,414.3491210718202,0.04755370130574604
104.15735375270287,-72.83422366028097,281.1489311656867,0.24484680110972257
123.34053703646487,-49.57369429760104,296.25476837053077,0.15927348003889033
234.92973772680716,65.4529590905203,404.40651636309406,0.007248425695967351
346.904589526313,167.88405026955402,525.925128783072,0.00023529492396368712
183.81981555409448,17.598912031561042,350.0407190766279,0.030665151587862205
216.2844744888498,60.93009648432917,371.63885249337045,0.0070191767041702146
148.75354579582063,-39.03421609927463,336.5413076909159,0.1188321449620197
342.95000871194406,157.36795977858858,528.5320576452996,0.00042876564490329565
332.9285304277255,155.7729155322429,510.0841453232081,0.00035702848833004113
216.16111839094856,30.64389518759819,401.6783415942989,0.022976334380487285
244.78323472753618,35.73385515221,453.83261430286234,0.022377468497279118
201.73754572611824,57.85486686133149,345.62022459090497,0.00660440683603124
246.50541864148772,97.74379841074253,395.2670388722329,0.0014656250828190861
33.76873401324292,-125.89706506437085,193.4345330908567,0.6748469475085388
237.5117592521451,65.32351669755766,409.70000180673253,0.007503626108233765
214.01277079743977,13.172472759457065,414.8530688354225,0.03706680771534395
241.272268976722,40.632520602676635,441.9120173507673,0.019080953884072906
283.5332863313283,103.35165984944831,463.71491281320834,0.0024394005374599533
102.76380752841123,-70.73071170432439,276.25832676114686,0.24186847193694735
345.4355931033042,185.7036596770075,505.1675265296009,4.873859804935503e-05
256.67304161863876,80.77087332166863,432.57520991560887,0.004776433979818368
184.62181725489245,3.1833277213666236,366.0603067884183,0.04620765496830402
106.04309171270961,-89.9667190143557,302.0529024397749,0.2847214187403791
333.5735842777053,156.58906016568167,510.558108389729,0.0003446019152122452
188.88007838531257,-17.076467812010947,394.8366245826361,0.07171059708231388
351.5281568621713,197.08076098219615,505.9755527421464,2.0826319833538794e-05
371.07503026039694,229.15064758223215,512.9994129385617,1.6311229269022985e-06
275.8119860836355,108.57081333674205,443.0531588305289,0.00153726084825689
248.07033378315873,84.12925794678964,412.01140961952785,0.003498015051088569
298.42958995586787,123.99129280259021,472.8678871091455,0.001090227569256606
0.11658638874359895,-156.18902909552702,156.42220187301422,0.9988188203982191
302.2313349830524,105.64746343345482,498.81520653265,0.0030282439690233532
200.90303060937595,15.339688573360718,386.4663726453912,0.034229844360832214
254.6219413324461,95.32938262458978,413.9145000403024,0.0021051494923740167
213.48735781542837,24.916129207612812,402.0585864232439,0.027015077362387774
-81.88686248110389,-259.3461413121157,95.57241634990797,0.3606335548887645
309.5267015857903,121.17273335007906,497.88066982150156,0.0015945874791851312
87.17166106176683,-80.81662691673003,255.15994904026368,0.3045771709059658
216.15206846993533,27.542863142347926,404.76127379752273,0.025242973747851914
201.34728001520853,10.149340633229599,392.54521939718745,0.0392774560673676
239.41559122523176,68.88711105479788,409.9440713956657,0.006543360546742753
246.2732795840916,87.3299458412294,405.2166133269538,0.0028193084219353083
370.04356953367096,194.63235876256337,545.4547803047785,7.03376424323156e-05
297.30384615749335,144.88334709352714,449.72434522145954,0.00021639821528862154
332.7492934269585,116.13791012924179,549.3606767246752,0.003050646163515544
360.11098266187173,204.42154134871902,515.8004239750244,1.587461905977308e-05
359.0288278551852,169.84264088607483,548.2150148242956,0.0003149572228096974
150.74025867472574,-38.85077183446677,340.3312891839182,0.11744079753531725
-7.0364955654367805,-189.87316251757227,175.8001713866987,0.9390736713975422
194.90408399995067,18.82433192132885,370.9838360785725,0.030503007425834772
137.97322215688428,-11.826804586055971,287.7732488998245,0.07045887993892307
78.91224432847366,-89.9327543849623,247.75724304190962,0.355007563447273
92.7542859422606,-81.52453473631806,267.03310662083925,0.29235359369725566
367.49537204299804,206.950759814288,528.0399842717081,1.961106633776898e-05
172.2695359901213,2.4578650045388883,342.0812069757037,0.04685724130996924
214.20498059017245,26.99909755722328,401.4108636231216,0.02550697675839758
331.9920135501511,150.71162079526053,513.2724063050417,0.00048396698706167605
172.37994759740013,4.648139311656195,340.11175588314404,0.044124954197414655
164.475074911511,-13.385195873929149,342.33534569695115,0.06934589248274971
233.48428708884376,57.48903191967008,409.47954225801743,0.010013217329816176
132.25204667894968,-59.93751384033388,324.4416071982332,0.17449864826287162
174.51509078950312,-21.511720862117812,370.5419024411241,0.08023280010046561
222.5206315906603,50.45597851573089,394.5852846655897,0.011934762064617471
170.4899220609136,-4.145007987065441,345.1248521088927,0.05553960740888289
187.79738905395106,18.546694901351515,357.0480832065506,0.030143007694282443
217.1176503818715,67.71672370466442,366.51857705907855,0.004956434509518806
272.80822934848084,117.43047969142413,428.18597900553755,0.0007852002753041507
249.720252186381,72.55001778446814,426.89048658829387,0.0063633775040167215
206.1628540453312,21.721191206975533,390.60451688368687,0.028952099291316917
164.33976985796198,-1.8410669560122699,330.5206066719362,0.052529071577017264
266.5087062460002,98.37236888298602,434.64504360901435,0.002284557990253748
218.7578942758173,47.41480151541032,390.1009870362243,0.01304608257978108
93.87621491769187,-73.13942273642559,260.8918525718093,0.2665447186278822
276.36755462619703,79.83323348916679,472.9018757632273,0.006447447484234961
254.08759715221277,77.01535979935292,431.1598345050726,0.005494838656072339
230.02269121793051,68.00891638226935,392.03646605359165,0.00599965530199995
139.7970935514395,-45.5271939224873,325.1213810253663,0.1371049555103658
159.58749458224474,-25.859455228193895,345.0344443926834,0.09059047974012216
277.69520475536365,78.08401166974204,477.30639784098526,0.007012243639168096
83.77382272032628,-88.33028846121297,255.87793390186553,0.3354929128682592
201.3363941668572,31.48419627439185,371.18859205932256,0.020793834607742617
238.23894185676454,79.30166816827881,397.1762155452503,0.003801520378793438
207.43069849801986,32.869953039037284,381.99144395700245,0.020484775426983674
400.9884062469332,221.36275553773632,580.6140569561301,3.143106306088924e-05
107.0087779477908,-77.36696624814732,291.38452214372893,0.2512816073922726
111.35946664257244,-85.2545501794111,307.973483464556,0.262881215596756
330.88068191141156,149.76482293775197,511.9965408850711,0.0004929649040537258
274.97007669267987,84.30282696606591,465.6373264192938,0.005265202294817048
353.72633767766,184.93388524639798,522.5187901089221,7.789096721929026e-05
193.7536121467174,12.643472537699665,374.8637517557351,0.03634136105415154
170.98915077050924,-8.276890204044918,350.25519174506337,0.061262384697293656
190.57503949018837,3.202837130061141,377.9472418503156,0.04630604800922415
224.1584770497434,52.89860256889733,395.41835153058946,0.01097520997676651
293.95870259655067,98.62994590868456,489.28745928441674,0.003678487198409768
167.85835703414477,-28.138903050018996,363.85561711830854,0.09214138472121787
103.03829587541941,-94.71571235548916,300.79230410632795,0.30279327646201476
46.1363736237804,-109.75650068351013,202.02924793107093,0.5574299617627841
156.31248217401844,-21.292905659593885,333.91787000763077,0.08363475571237029
73.74561211314858,-86.2036902841449,233.69491451044206,0.36139678733529357
177.70388203933953,-3.9739050560003477,359.38166913467944,0.05509769843534777
103.66634512576638,-78.6428537661669,285.9755440176997,0.2610261583256377
421.9083728992887,234.54244695239575,609.2742988461816,2.4940130739675195e-05
242.9110307946512,41.932895131111025,443.88916645819137,0.018508187272916
98.91517476780291,-75.57895589502229,273.40930543062814,0.2625457263158491
349.9507242623531,166.91709622960005,532.9843522951062,0.00027912585103780606
103.03022020748813,-55.76276138827728,261.82320180325354,0.20025426445760927
331.46117319086125,156.166349102937,506.75599727878546,0.00032237103127144367
121.19386774979421,-57.61342544559821,300.0011609451866,0.18111867473461643
360.42390994571633,198.41419682138923,522.4336230700435,3.0470973013354223e-05
233.443252580204,54.06690739534102,412.819597765067,0.011464898162792682
117.00110685968457,-34.1368486483625,268.13906236773164,0.12730336199044434
299.5762047154908,138.66061773692496,460.49179169405664,0.0003938983510682036
148.47425806211186,-10.366505564208808,307.3150216884325,0.06652365177964387
339.7144869051772,153.52136216366088,525.9076116466935,0.0005026040090519108
158.36613317129013,-4.114291755730676,320.84655809831094,0.05594034691274271
247.0944111595486,64.42501936155077,429.76380295754643,0.00871024156782081
170.54178945606827,6.289371553820359,334.79420735831616,0.04204777216371562
252.1986840682257,85.9411563043663,418.4562118320851,0.0034223138048027272
41.556610990352056,-135.43180133166004,218.54502331236415,0.6412731285075325
198.17687127254476,-0.9156949439896209,397.2694374890791,0.051037035216881854
133.26848724819,-36.25067239057282,302.78764688695287,0.1216029611028537
273.7729085105825,101.49959286897993,446.0462241521851,0.002235715250157002
138.5544198477096,-41.304575334080766,318.41341502949996,0.1291414539484993
185.4765824887404,15.080046417979617,355.8731185595012,0.03328807222489633
303.58158767459327,96.10783324310603,511.0553421060805,0.004669301644124309
296.0014543962534,107.39430573245534,484.60860306005145,0.002517079756675688
252.71911543697433,49.92756246473755,455.5106684092111,0.015258316878634612
314.64866087977,136.53811970078993,492.75920205875,0.0007314650811089165
103.68214039416034,-113.50605470967201,320.8703354979927,0.34483283028222755
140.51753867872685,-20.368002832596318,301.40308019005,0.08601235610572004
346.20662251365184,177.04761935031956,515.3656256769841,0.00011745850172878558
357.1924414535888,178.32881980139157,536.056063105786,0.00015753221220212918
271.90924336613034,81.70911059508353,462.10937613717715,0.005657619453895985
332.3598813943836,142.05264899611578,522.6671137926514,0.0008330236143639676
155.98721455453642,10.156556951023788,301.81787215804906,0.03637507825186832
182.82884847517062,5.642643201650941,360.0150537486903,0.04330821777291017
152.28056704308528,-28.34830316049593,332.90943724666647,0.09726641457563374
63.545680267432544,-113.78982362487005,240.88118415973514,0.47772830031780456
125.03189885048414,-47.192795616376884,297.25659331734516,0.15236667278737268
29.321332940894536,-170.66638961263862,229.3090554944277,0.771121371542338
224.52843223247373,45.66855330533295,403.38831115961455,0.014562224437229956
98.49023408456105,-81.11939746753086,278.09986563665296,0.27828227321197657
107.16272603040579,-83.73282173465785,298.0582737954694,0.2669136751139649
200.92955679257284,45.71713959464756,356.1419739904981,0.011844874960194936
153.36766862343802,-54.277732091698226,361.01306933857427,0.14545964256046606
385.82927997253955,188.36165397752515,583.2969059675539,0.00021068795046501297
204.55164403173058,8.811289406830866,400.2919986566303,0.04076832479016024
131.3369058825847,-45.828660692220865,308.50247245739024,0.14393035675576205
193.5509411437206,49.287780264206845,337.81410202323434,0.009200883711645912
236.53303061603083,63.13213995130036,409.9339212807613,0.008160563633648508
152.0176591318609,-28.095170147090386,332.1304884108122,0.09684120693765975
206.34466254727295,2.9367902417816367,409.75253485276426,0.04686348611783089
103.92811792578459,-67.4348468242352,275.2910826758044,0.23083614212281972
206.13510339491268,34.70198155843141,377.56822523139397,0.01907697195701659
212.57121571894095,51.00152973990697,374.1409016979749,0.01061306651348078
143.68842086320637,-31.6679980964754,319.04483982288815,0.1068512552497796
274.69554741353113,77.68157485158824,471.709519975474,0.006912734365949615
220.40930598644263,54.62071453428342,386.19789743860184,0.009827992836654082
332.2882672875885,157.4244621112868,507.1520724638902,0.00031162377269836424
229.1653284884551,39.923712452813106,418.40694452409707,0.018314752042232603
306.43166517443615,120.5053955069796,492.3579348418927,0.0015483399322668374
240.82536532544236,54.40816002996644,427.2425706209183,0.01202684266897978
127.85045572246418,-32.43454297245631,288.13545441738466,0.11633345514008961
-62.40331692426662,-211.58604761672885,86.77941376819561,0.40733877256961293
136.9792170776659,-5.759132032773778,279.7175661881056,0.059740894278841196
261.61979304251145,97.84416441715547,425.3954216678674,0.0021214498412423974
279.13222626696233,109.79082818778059,448.4736243461441,0.0015461027771930854
287.7475329231661,119.83268231426962,455.66238353206256,0.0010390682349646608
190.12931269055116,16.691209485553827,363.5674158955485,0.03208638487836651
120.63660567279521,-63.7530020403606,305.026213385951,0.19656299187828916
105.73070246682846,-63.775831234475845,275.23723616813277,0.2180286817722886
214.78375166301612,40.12934905827811,389.43815426775416,0.01660515710747762
106.60815392417453,-80.88128509032529,294.0975929386743,0.2608139199538213
163.94122343998242,-30.393214323367857,358.2756612033327,0.09703309098081302
188.63895554315513,3.2760833526337763,374.00182773367646,0.046180615768303124
240.45560625179087,91.04600290470833,389.86520959887343,0.001963764332661358
17.58426621233093,-127.38321526932762,162.55174769398948,0.8096632368199627
265.93223873640227,91.30313495100327,440.5613425218013,0.0033003931663527905
350.1961571935476,169.5620289760014,530.8302854110939,0.00023460540671669868
287.6283553502494,99.72432190269663,475.53238879780224,0.003157678769464836
81.23389924595313,-103.66249028879838,266.13028878070463,0.38422834059072364
121.88525234299414,-80.4454475840312,324.21595227001944,0.2338503414061809
256.0676993576003,83.127096090523,429.00830262467764,0.004227001322358531
190.9029120152668,26.94539492629795,354.86042910423566,0.02307445777449629
205.29661350258675,34.066394675223165,376.52683232995037,0.019414249978287286
460.59041533991103,296.487189039629,624.693641640193,3.2750908621803165e-07
179.94893677829032,10.314831320328693,349.5830422362519,0.037907232919970786
205.92165571527858,35.36588678511458,376.47742464544257,0.018640827566379328
63.95520245940861,-100.2875774921084,228.19798241092562,0.44052858063762135
150.559609081899,-20.95265052934778,322.0718686931458,0.08445380105996758
194.63760641465524,20.719411362583912,368.55580146672656,0.028797811357179612
82.84184025478316,-104.58667944767663,270.27035995724293,0.3814906834420225
152.2008482229562,-19.290579586028826,323.6922760319412,0.0811481929353542
166.52478403008536,2.051668608904663,330.99789945126605,0.04727788190101114
132.87228956757963,-52.13853949962606,317.8831186347853,0.1566712829181399
174.04475365345434,-2.0586901984278256,350.1481975053365,0.05267123848737631
157.38381277394,-37.83324817580203,352.60087372368207,0.11244911309625737
182.65844842617207,19.51156322315512,345.805333629189,0.02869671847580152
253.79968046139447,77.18747683209989,430.41188409068906,0.0054246919689998185
192.1220653929713,6.532094606301115,377.7120361796415,0.042645788732806035
151.80585716444466,-25.926885608710876,329.5385999376002,0.09299078089139688
351.3405382866399,156.6603474560205,546.0207291172593,0.0005767924193251025
282.68477675272015,110.79490371797357,454.57464978746674,0.0016369325559411204
88.21454877693304,-95.19278084831689,271.621878402183,0.3412414741180586
285.59455252299676,97.25408486247156,473.93502018352194,0.003436698139026331
145.75197416022593,-37.213784030984385,328.7177323514362,0.11679816918031251
212.1885033013241,32.433093742006065,391.9439128606421,0.02131873565483994
150.43697684381777,-39.870714344591164,340.74466803222674,0.11959257589621143
273.9089679327162,62.568173446483286,485.24976241894916,0.011786044531006202
120.32084536601451,-52.85040012152251,293.49209085355153,0.17052932224731168
211.20288290215103,32.013457157346835,390.39230864695526,0.021502206611291107
175.93258268652062,2.689962692396051,349.17520268064516,0.04663224439972118
288.4245242902398,83.37612515372939,493.4729234267502,0.006434511854701212
-31.102138499421017,-210.18413168008402,147.979854681242,0.7304005296130704
182.2551453986057,6.064771542685008,358.4455192545264,0.04279831697856412
118.76207159260775,-58.71066043887856,296.23480362409407,0.18661791675476433
340.46599147795405,178.67679673242412,502.255186223484,7.349653099457167e-05
154.71021689354484,-11.86528341169435,321.285717198784,0.06821042674449937
125.28454156151884,-65.55735856098349,316.1264416840212,0.1950166413117082
259.52212516367945,91.13179449316428,427.9124558341946,0.0029646546977310354
13.843837823635113,-164.47825452202147,192.1659301692917,0.8775563685739751
67.42227104010362,-111.24740539456289,246.09194747477014,0.4547554693620355
304.8058385023155,108.56156812831111,501.0501088763199,0.0027562559955070544
31.51225314005751,-139.9994926736926,203.02399895380762,0.7155171655295152
308.92863088081276,130.41450489750616,487.44275686411936,0.0009276006215064564
88.23221578020502,-107.54210023950688,284.00653179991696,0.37231846067240293
284.92290236012514,98.54936989203566,471.2964348282146,0.0032048759998371083
383.8519433524016,231.24664918824564,536.4572375165575,3.4218723281274723e-06
274.6159547423954,111.5093595188431,437.7225499659477,0.0012519250157885047
142.7702056022731,-42.98687037628409,328.5272815808303,0.12992975364595885
223.3131863885792,58.02312523996261,388.6032475371958,0.008744416379237372
359.1640245771355,149.90265286491203,568.4253962893589,0.0010090083003015129
88.6492670196858,-89.64758578114919,266.9461198205208,0.32530817125112055
244.80918266281378,80.53790166600811,409.08046365961945,0.003996399173922084
174.5437447298391,-10.835042112165866,359.92253157184405,0.06460220002697892
278.44496632323535,106.31600978302805,450.57392286344265,0.0018669932073454003
249.06044868198114,64.19195461338805,433.92894275057427,0.008948867055997444
244.24310397768932,65.0292832419808,423.4569247133978,0.008197229845759801
248.4224434584421,70.29691724765485,426.54796966922936,0.006896365683601058
158.85027573239404,-14.84362933593664,332.5441808007247,0.07248258450801294
136.32409464437114,-19.407564897649934,292.0557541863922,0.08531884932634803
220.60033896026607,36.86880043292791,404.33187748760423,0.01924768375581751
259.6780150907739,70.64794632171996,448.70808385982787,0.007728686932177149
154.38804656264392,-41.90865491549397,350.6847480407818,0.12143431716917556
74.30259814424653,-102.36131935489956,250.96651564339263,0.40495785458297107
135.0100973435051,-45.40776438850469,315.4279590755149,0.14031237686771306
108.68735721922349,-83.47969802561158,300.85441246405856,0.26344702109508394
248.9514732016687,92.51540270878542,405.387543694552,0.002190875903735303
279.0737327543102,115.16020902554521,442.98725648307516,0.0011011048464665376
292.22829578576057,128.4614165395843,455.9951750319368,0.0006584228560748347
313.87645307838375,134.51813545864,493.2347706981275,0.000830266120812269
165.90980350881364,-1.9959771434637616,333.815584161091,0.05271134360189382
237.06240660234107,56.886127334161586,417.23868587052056,0.010586381410297422
99.55175913665062,-80.77535380517392,279.8788720784752,0.2746717124004751
115.86047513550602,-53.63645882138849,285.35740909240053,0.17682635050510281
94.14829337718902,-72.27033480512048,260.5669215594985,0.2633221272609302
142.6376193467322,-10.66703071316013,295.9422694066245,0.06776230672589038
344.6645451601885,185.03216358106692,504.29692673931004,5.0464884058475734e-05
116.74235940552308,-43.51236657944574,276.99708539049186,0.15098506821022287
305.48029525264155,120.68438659476936,490.27620391051374,0.0015031346908356905
267.4927052738494,110.4035457663972,424.58186478130165,0.001101270732525872
49.31801106676221,-157.11015902327938,255.7461811568038,0.6355841260953446
237.63388150517358,71.35020023593736,403.9175627744098,0.005769917754341879
204.08817984852203,48.44649166733589,359.7298680297082,0.01085761856439542
268.1603332392169,78.02730333950882,458.29336313892503,0.006317188003238844
289.3295683047277,106.80002043549672,471.8591161739586,0.0022792789766541677
197.06017674484974,16.60651276543379,377.5138407242657,0.03273521074053023
189.994960953567,13.093896450068542,366.89602545706543,0.035648202190794294
175.4173310605288,-13.336597146899436,364.171259267957,0.06807388923455376
166.61066570664525,19.742839639418065,313.4784917738724,0.02671467735863177
155.66714427654097,-5.798926138176768,317.1332146912587,0.058596864274405934
279.7822772076747,85.330687198849,474.23386721650047,0.005371807644016675
180.3135355044651,-6.6477846974095485,367.27485570633974,0.058473082960253435
168.2692824056894,-27.077527718236098,363.6160925296149,0.09033413071510871
70.85138926179252,-83.91484830835876,225.6176268319438,0.3648453372923861
199.5620851441945,12.47924847655861,386.6449218118304,0.036874386617361594
167.51319001684988,-6.797114067699113,341.82349410139886,0.05937868680805616
349.1479902210999,197.2994406332806,500.99653980891924,1.808292170078482e-05
151.39980164428835,-19.23690681100382,322.0365100995805,0.0812241670271993
144.90262799302081,-50.35337765245018,340.1586336384918,0.14345426567773148
269.66083457773175,116.7582282373395,422.563440918124,0.000747031128996662
206.270988084912,22.030516026171227,390.5114601436528,0.02874755021918715
181.06860427256288,9.158784272460139,352.9784242726656,0.03924609763794756
251.62585636831182,79.65861034220544,423.5931023944182,0.004668367818710962
166.27656429212584,-9.087916215892449,341.64104480014413,0.06278138464275812
358.3847247505396,167.01453969147806,549.7549098096011,0.00036353809717320297
214.46330466505196,11.90660092910744,417.0200084009965,0.03826467523167344
195.13634575357582,23.79625269271321,366.47643881443844,0.026139919718878708
138.05956023318595,-52.96160290641612,329.08072337278804,0.1541828542990903
299.2169608588765,128.86426315296342,469.5696585647896,0.0007822209481488197
96.73509622746633,-86.38217675749482,279.85236921242745,0.29612986070750347
276.45682260625335,92.94521054612358,459.96843466638313,0.0036438782282174594
298.51249764512977,97.59119143030995,499.4338038599496,0.00413065235816281
259.64651753204544,109.96283339124949,409.3302016728414,0.0008985776137378978
212.80797294069816,29.298071091143242,396.3178747902531,0.023619040213401648
68.44385624697497,-86.59622386848045,223.4839363624304,0.3820229401529114
22.1522955284845,-163.27206501241736,207.57665606938636,0.8124903176911885
130.86609670205507,-44.49368104237257,306.22587444648275,0.1413320580705256
98.84530205676401,-48.69012216729598,246.380726280824,0.18614359988240062
265.18244784050603,77.01010795012567,453.3547877308864,0.006414938127515435
260.535376253441,81.7636960067251,439.3070565001568,0.004845559585675665
240.65693423019684,75.91012577067534,405.40374268971834,0.004733046620786583
218.32584679996808,23.135444092958352,413.51624950697783,0.028875359454820823
245.46861274006278,73.48740179744141,417.44982368268415,0.005741951562918972
259.1234186858874,111.00963903182199,407.2371983399528,0.000842581490826709
362.59594389269023,187.96873196203984,537.2231558233407,8.931359875233835e-05
253.08146921587377,84.69481468818265,421.4681237435649,0.0037091837317897824
245.24351606444134,70.0936725761153,420.3933595527674,0.006671029308053456
229.99826388379142,59.73203302586441,400.2644947417184,0.008773504834205654
309.73768181285914,120.4202012308223,499.055162394896,0.0016730443258420058
129.12694945650992,-37.144576926044664,295.39847583906453,0.12611101042934356
111.93110187049388,-63.89547079716962,287.7576745381574,0.20878366851066807
245.46317148013895,64.09972544920765,426.82661751107025,0.008629907999754714
131.58795112772577,-49.11285350192753,312.2887557573791,0.1511164593976643
155.14827138641476,4.057191505613702,306.23935126721585,0.044298412597182646
107.14239794895047,-71.60162907628887,285.8864249741898,0.23632168613960658
252.16597898355258,80.02454550448363,424.3074124626215,0.0046327017445223695
189.3115302358242,30.797038456381415,347.826022015267,0.01987931338043882
354.352008277584,200.9786423791429,507.72537417602507,1.650403392557903e-05
227.26931506139817,58.3427362418694,396.195893880927,0.009018681439466637
72.27443593561293,-104.27965074978653,248.82852262101238,0.41729652941611917
234.28623948369477,46.430677890635934,422.1418010767536,0.015188465844181981
183.10443220241086,22.817711141711413,343.3911532631103,0.025705149232511514
273.01653728427846,88.26252389943281,457.7705506691241,0.00433348096641346
162.8005688514154,-1.885848699338652,327.48698640216946,0.05261289227017853
59.18674464653441,-108.75176499179437,227.1252542848632,0.48498499555766506
66.54142442836428,-116.82412091876594,249.9069697754945,0.4720841386627437
311.69266280043666,120.88897938169109,502.4963462191822,0.0016975080219396334
276.95754774789475,105.09848307392562,448.81661242186385,0.001949728648007773
152.93912898011604,-22.677922757667886,328.55618071789996,0.08688073245128371
257.26226972649556,83.31393441027637,431.21060504271475,0.004313518799701584
85.60584939040427,-103.37915888681718,274.59085766762576,0.36965763211105207
214.25414781839027,15.96891743775501,412.5393781990255,0.03455826884648281
99.4577331330911,-57.86108426233753,256.7765505285197,0.2115964373129784
220.18069939094403,54.38699578140455,385.9744030004835,0.009910656245021427
227.73275700493286,58.07905573426925,397.3864582755965,0.009186317587974837
183.85093687231074,14.950085618913533,352.75178812570795,0.03328391565047696
248.98091285704004,78.65182727341332,419.30999844066673,0.004713839941901097
110.34192482149592,-62.56620137689055,283.2500510198824,0.20768254000675038
97.50052549197062,-59.349714673111094,254.35076565705234,0.21959852476482192
109.04978291258749,-73.33049476539247,291.43006059056745,0.23749969160251716
162.0166241427405,4.786754938347343,319.24649334713365,0.04358197568792956
295.44005122461385,101.27168585130337,489.60841659792436,0.0033371787905696975
104.52520174605888,-58.91247172276442,267.96287521488216,0.20655407269543377
147.24869215604167,-55.6704669052761,350.16785121735944,0.15252206901860305
239.4806510262265,45.14746512825917,433.8138369241938,0.016396406831509114
232.8753129925517,60.09172842802221,405.6588975570812,0.00897967583193722
105.99419876089132,-77.28516829107062,289.27356581285324,0.2530581041271215
133.3074084901541,-69.38508433590428,335.99990131621246,0.1942537735193312
86.40099813382176,-107.334575676512,280.13657194415555,0.3771949469391733
142.27684385854627,-29.90969797007557,314.4633856871681,0.10384847959543489
395.8158194550101,217.7228321405456,573.9088067694746,3.174188272766891e-05
122.34250089440093,-66.74892600776158,311.43392779656347,0.20129945502405053
-30.21479514161274,-195.48009257706417,135.0505022938387,0.7168073561803345
454.12236178830335,292.6616629635913,615.5830606130154,3.2918126782098364e-07
213.56396091799388,13.734669119233075,413.39325271675466,0.036524245915854896
28.194880673474927,-155.17793661891892,211.56769796586877,0.7603292593536832
234.5478516607218,56.828784730895734,412.26691859054785,0.01039208588609908
289.21499575439066,107.84196404850758,470.58802746027374,0.002183600551037261
192.70584774784584,-6.329695319710083,391.74139081540176,0.05755260352271716
166.30648441714857,1.413406503092375,331.1995623312048,0.04811535321395321
147.3583659191936,-57.42286306945482,352.139594907842,0.15592617446914595
128.9879195227113,-54.96238661404885,312.93822565947147,0.1666734465701218
197.71125433347243,37.54921116009396,357.8732975068509,0.016227231709446222
180.15153071446912,13.273721724755035,347.0293397041832,0.034720667002595504
168.38102502698393,-22.11292151788109,358.87497157184896,0.08237155797002853
122.67528350699467,-50.65737932713694,296.0079463411263,0.1627777117167315
161.1288486473709,-20.785600862052263,343.04329815679404,0.08175291355092432
289.9055077862067,108.5610123362024,471.25000323621106,0.0021013065576457875
289.736316614948,133.02391764530097,446.44871558459505,0.00042812298626876465
232.1610679301957,28.619249854785323,435.7028860056061,0.02593416027479454
320.2236523637621,163.53957569301244,476.9077290345117,0.00011918012984103894
342.32498756220775,159.23009288224554,525.4198822421699,0.0003731856348781323
134.1697022907233,-34.075188398550466,302.4145929799971,0.11641037087966172
257.1483829046215,73.58983477497844,440.7069310342645,0.006641260371597344
323.2752723402932,155.86943572773234,490.68110895285406,0.00024518858778234767
171.06178254292627,-3.0738025540753995,345.19736763992796,0.05408083676569332
-4.608799167258439,-186.86257960258953,177.64498126807266,0.9599433347450381
267.02218934133816,101.67772411305808,432.3666545696183,0.001904282573804104
289.1261351800881,114.16130191623816,464.0909684439381,0.0015070602746348328
152.71486184824198,-26.279930609670572,331.70965430615456,0.09337376365323022
273.07067172141524,95.64250283462653,450.498840608204,0.0030017204460560843
128.32514694967858,-54.98329498524171,311.6335888845989,0.16736392730406377
66.66974578086729,-118.24152588401563,251.5810174457502,0.47500684469925114
205.5798469273209,25.891340232205977,385.2683536224358,0.025483888127117556
232.16015331094604,63.52492660077522,400.7953800211169,0.007610258013265381
205.70680961904554,-2.5716948314849333,413.985314069576,0.05282383192990264
339.8128381564811,173.97496654094365,505.65070977201856,0.00010813115835116803
242.02513412575763,65.46290575249,418.5873624990253,0.007848948532577234
99.1685133562969,-76.83871502329552,275.17574173588935,0.26541944847070464
79.83140471696834,-107.58591461561471,267.24872404955136,0.39902613373739393
117.17982141780885,-42.2528149909169,276.61245782653464,0.14741243216276007
217.46651195299546,14.198286785410176,420.73473712058075,0.03637316244098229
242.7846594739749,68.57137387687675,416.99794507107305,0.006967089361258887
112.70603877296526,-75.57797889015049,300.990056436081,0.23659344332755183
103.85337459560014,-68.86666730567887,276.5734164968792,0.23490431713795867
256.4687706040736,63.73765676193679,449.1998844462104,0.00976361774867318
265.02475681641727,59.611001674303225,470.4385119585313,0.012120224710847506
330.492968561653,157.60681750146793,503.3791196218381,0.0002844995231892138
240.85107562668145,52.40148379866278,429.30066745470015,0.01292109327414492
176.4016022748774,14.973836944567495,337.8293676051873,0.03263131370422222
202.65157883146776,-4.492989865846766,409.7961475287823,0.05505320379203103
220.99114063163142,41.66797528617542,400.31430597708743,0.016387686445221462
94.33437102075959,-96.29799211284134,284.96673415436055,0.32755934768728245
334.7125608237088,122.69458827281636,546.7305333746012,0.0023661204154792064
212.40382865360016,22.753233740469227,402.0544235667311,0.02864698579695255
173.1880336945478,0.3432879206097823,346.03277946848584,0.04955807961705153
143.8408122684914,-57.35393480505675,345.0355593420395,0.1582746398218235
250.38970364770648,71.4189903646174,429.36041693079557,0.0067099458539954865
373.3981244195402,189.06782137777412,557.7284274613062,0.00012801606195401088
129.9439524892332,-57.67016672244475,317.5580717009111,0.17186403850751256
188.38880004462771,3.258716558348027,373.5188835309074,0.046199763408405675
83.06593354731604,-86.10035752679804,252.2322246214301,0.33130763192459634
251.94505299953244,83.49584210815976,420.3942638909051,0.003876083733740325
124.9825109661233,-62.03280754043999,311.9978294726866,0.18723422344207782
249.83094931656024,58.82671391153167,440.8351847215888,0.011047774451365067
242.47453043090263,59.32724810488105,425.6218127569242,0.010220749201595377
371.9531487987738,190.7502902324684,553.1560073650792,0.00010539822285402142
103.80633865689788,-79.02984340366805,286.6425207174638,0.2617525499335753
170.6574954392995,-1.7618839676257778,343.07687484622477,0.052328201158426756
11.732213000033425,-171.87639740812938,195.34082340819623,0.8990898489631569
223.34215526418348,45.95989071019724,400.72441981816974,0.014293182985637748
249.1375392938753,94.1022928612451,404.1727857265055,0.0019936660693815078
63.59555548072467,-106.21846467207757,233.4095756335269,0.4581629387116034
86.98835642833501,-79.16855970414989,253.1452725608199,0.30050569346220024
103.73759402861651,-54.50692987866245,261.9821179358955,0.19567899341739042
168.8440436400574,-30.35027461676725,368.03836189688207,0.09549412248869096
137.14417282511704,-47.50319394118716,321.79153959142127,0.14325407805116364
250.51898814039578,57.50285565913623,443.5351206216553,0.011638043759318603
184.4647542626426,2.0431246224625284,366.8863839028227,0.04755012045020615
222.6538851758305,39.41269543977526,405.8950749118858,0.01792385784443812
125.67933649737824,-65.43279247667056,316.79146547142705,0.1941148276217222
160.25907682737716,-6.546131845948622,327.0642855007029,0.0594481340776328
282.0453552377503,108.35578420468397,455.73492627081663,0.0017978652198430837
350.8861278993113,182.91470020480637,518.8575555938162,8.166232706376548e-05
229.66578925578824,25.803539186627006,433.5280393249495,0.027775265871757066
235.49682848821385,64.4208067449878,406.57285023143993,0.007610104047058695
298.8359030188112,130.25988074814805,467.4119252894744,0.0007175089584565868
292.6844907530758,99.94432733484402,485.42465417130757,0.0033841061485912673
211.12501892237879,15.551032422426601,406.69900542233097,0.03472350064375643
155.79338052879575,-21.60390837452306,333.19066943211453,0.08432746626291975
294.549746985228,98.8210151287916,490.2784788416644,0.003666849724412692
209.7416532098091,29.94901924039911,389.53428717921906,0.022829830974578594
340.808532076604,170.80092010866116,510.8161440445469,0.00014834900415598996
78.72244792575157,-102.27249406687159,259.7173899183747,0.38860699942526467
244.83577316501442,65.55995262892529,424.1115937011035,0.008073607839896364
150.84136152671636,-63.96645527704814,365.6491783304808,0.1660318736138254
175.58606953450362,14.623196443676477,336.54894262533077,0.032920153233435556
159.18586432601523,-23.806465459318474,342.17819411134894,0.08724393641576701
58.65838469035225,-124.09266204044835,241.40943142115285,0.5244327788054075
299.2070217944233,111.23844135307993,487.17560223576675,0.0022280144462834203
224.42204660232028,43.710920198898094,405.1331730057425,0.015600660478588383
279.59274033050906,139.01856055186005,420.16692010915807,0.00016544926085977982
152.93695859196805,-40.392310469533356,346.26622765346946,0.11932036365621447
388.5890879372232,224.62277144319177,552.5554044312546,1.0287040277748625e-05
155.37877409233397,-29.813982871494517,340.5715310561625,0.09879852544849257
178.77294979395674,1.2609155970441748,356.2849839908693,0.048434072942762287
246.49795341401614,71.17599019783367,421.8199166301986,0.0064783415197399346
97.79069809630619,-89.6965400157884,285.2779362084008,0.3019462013022959
103.1636344888625,-93.80762737793953,300.1348963556645,0.3002661311931528
245.54720816537474,43.01502648420194,448.07938984654754,0.018138893551575774
203.98213991612965,63.932775685257525,344.0315041470018,0.004871935334476378
245.5247264797281,94.18553533787824,396.8639176215779,0.0018141942143650048
146.31733648337104,-36.36458157742521,328.9992545441673,0.11483863542647642
160.82344823377798,-12.76384610743662,334.4107425749926,0.0689109267538569
252.7295414046839,68.84404720254662,436.6150356068212,0.007693670726218722
246.38447730647385,76.06365893781128,416.7052956751364,0.0051594440823685235
69.02750520080826,-124.93994933299857,262.9949597346151,0.48074697346834316
288.6061900777431,113.84839073014433,463.3639894253419,0.0015161683249846532
240.03849021810538,63.14849951771734,416.9284809184934,0.008471870992876298
327.4466416668324,164.39394468248778,490.499338651177,0.00014398519762615108
226.31177831013065,44.992542132954384,407.6310144873069,0.015126471175793051
91.63610942651303,-72.58589401912434,255.8581128721504,0.2699329019206089
260.1767539916177,84.23816427233908,436.11534371089635,0.004281185315245054
81.89823977808555,-114.55425713781077,278.35073669398184,0.40907932239148725
220.06104703252095,50.025576491530074,390.09651757351185,0.01187677364541285
307.2856541774613,136.98433262965443,477.5869757252682,0.0005720961718085139
263.1683719446364,90.74769631703916,435.58904757223365,0.0032978495392649164
211.1579828928193,51.79950980102086,370.5164559846177,0.010081912410846858
170.73698616794627,8.172198865962486,333.30177346993,0.039800852618701234
119.04179270907207,-47.769069839723755,285.8526552578679,0.15933374682853166
396.1748782930458,202.17619118133643,590.1735654047552,0.00011505805267701121
118.41842918126031,-57.4072216053342,294.2440799678548,0.18380845263033505
359.304178696736,175.2910168122743,543.3173405811978,0.00021997697592553275
181.87118832139777,-19.71607614028511,383.45845278308065,0.07634184493388657
326.4118068598282,151.5419419142439,501.28167180541243,0.00038004389352125394
221.21319339907632,32.12596760534245,410.3004191928102,0.02244859382335397
126.676805113098,-54.497686541906404,307.85129676810243,0.16771418662098264
99.41698547676879,-77.48641927492622,276.3203902284638,0.2665028280143829
239.33019757550164,56.86248025124874,421.7979148997546,0.010821652438884872
258.3588660105047,74.18954800163405,442.5281840193753,0.006569856652569519
147.52433510204582,-9.601016093923505,304.6496862980151,0.06534787028287256
211.3808891317908,35.34106380130487,387.42071446227675,0.01928119868586449
264.75799134334784,103.09823704937216,426.4177456373235,0.001664741633259766
188.16880860015226,-11.202089507077403,387.5397067073819,0.06393959333782456
222.19261401237554,16.657083946847223,427.72814407790383,0.03448429195063832
166.82283417471126,-15.822749631129682,349.4684179805522,0.07282583476628253
349.9706119378134,151.9646700641114,547.9765538115154,0.0007337488906854606
225.35775002790842,39.05561080029949,411.6598892555173,0.018410227617331174
272.42656673490137,64.89792748190888,479.95520598789386,0.010753927095102058
56.621238318290125,-109.00562791680099,222.24810455338124,0.49777786582620054
166.89245947001882,-8.896808267593372,342.681727207631,0.062447383121880716
18.6763096453069,-156.3017137311277,193.6543330217415,0.8321621447162695
226.01075030684842,62.57080833919832,389.4506922744985,0.007347827221282619
251.19121201649114,87.2023718835884,415.1800521493939,0.0031311929028479462
328.91640853431954,139.42210076404376,518.4107163045953,0.0008940827980344282
402.8330765794085,230.93081926594581,574.7353338928712,1.3908758885936926e-05
40.51627902791142,-120.27358348928124,201.30614154510408,0.617319331111162
166.66797853759954,1.6566428966777096,331.6793141785214,0.047800066672189195
204.03989664084202,42.13618584708365,365.9436074346004,0.014185764736009436
100.02009501234897,-86.11377986062678,286.1539698853247,0.28794474652921687
243.15188976652553,55.892441962767066,430.411337570284,0.011632141146975573
247.77560640511638,74.06778431482351,421.48342849540927,0.005756440734930756
270.4217181175386,100.77770908359392,440.0657271514833,0.0021615034185475715
191.9536999962629,9.427279527550127,374.4801204649757,0.03954531472384306
248.91474742479522,66.14660790259362,431.68288694699686,0.008239614838892769
30.140824896760932,-172.8825160250875,233.16416581860938,0.768239461879322
335.8897834603122,151.91150632505122,519.8680605955731,0.000498166936725892
163.68435018975833,-25.909694837481737,353.27839521699843,0.08958369445738561
6.29503819169031,-178.1435535904646,190.7336299738452,0.9459841810786849
-2.5024335987882296,-174.23163634745814,169.22676914988168,0.9769257700833369
252.61168418243915,53.30181810157981,451.9215502632985,0.013698240506694739
6.879202694698051,-165.27599875199286,179.03440414138896,0.9367740309854693
86.83289900110094,-83.08839096860643,256.7541889708083,0.3121006138202993
226.46807828833244,37.58424215847123,415.35191441819364,0.01941728546727692
226.34855492521183,47.97721518220351,404.71989466822015,0.013580104101672196
212.48090904909486,30.958362164746802,394.0034559334429,0.022418868737546185
106.6660317830706,-68.90539621971058,282.2374597858518,0.23005746019703335
215.88235146283705,30.572287759355902,401.1924151663182,0.023000020983870807
305.0287562139847,131.55900907419638,478.498503353773,0.0007789958338674799
150.23559322067467,-13.136647672189554,313.6078341135389,0.07093292549860791
253.9539014949887,44.1304570940583,463.7773458959191,0.018345856935902127
234.9936516099774,58.864801907568676,411.12250131238613,0.009596099954951559
72.04368110133737,-92.29539551618126,236.382757718856,0.38539808241926476
126.9213925454792,-51.537248961296626,305.38003405225504,0.16075845009582945
249.90953183694774,51.94036390534427,447.8786997685512,0.014032477869387452
196.72369257793207,31.257502172013375,362.1898829838508,0.020425511950120476
115.88644154782378,-77.3228179161789,309.09570101182646,0.23558447996065054
176.51833575881665,4.419719952654987,348.6169515649783,0.04453503282006614
355.9038303641332,159.45820113294917,552.3494595953173,0.000552093907992901
242.75979882017282,59.674742166709194,425.84485547363647,0.010021818645988464
169.60474229880674,-14.620768924760966,353.83025352237445,0.07064023293185112
130.58572484243405,-67.98598607073376,329.15743575560185,0.1940564834322879
153.9917031437808,-9.807030931964363,317.790437219526,0.06496427471937065
111.00460215882777,-69.70751223040534,291.71671654806084,0.2246342329643614
334.7428454231758,165.952375002043,503.5333158443086,0.00017251951111973564
216.81585839761829,49.60065188939126,384.0310649058453,0.011748637102001191
189.25128584275444,9.032201283078365,369.4703704024305,0.03981975267019293
184.4130469691181,12.008559720449085,356.81753421778717,0.036366227771196066
149.64874488089572,-12.577854338231248,311.8753441000227,0.07009470349114048
175.13922195421992,14.579387551135682,335.69905635730413,0.032937740992612895
302.70196977396927,140.4588473713424,464.9450921765962,0.0003812157949604685
215.1277704213735,21.897001445700568,408.35853939704646,0.02957568057038706
-10.458488309280256,-214.26827190825134,193.35129528969082,0.9188887720759944
221.13938461661928,41.19725599058802,401.08151324265054,0.016674765445847017
261.0962762033914,92.4766768417688,429.715875565014,0.0028360246507195966
220.17286051994597,45.39682859637179,394.94889244352015,0.014219625809872832
331.4686190887501,165.5301407498678,497.4070974276324,0.00015743428280463263
126.92810388993894,-56.19982161309656,310.05602939297444,0.17144187025413712
355.49705349786973,177.28118834911012,533.7129186466293,0.0001581239846474353
283.2235624090986,93.25880005930534,473.1883247588918,0.003988478384972269
216.59928608911514,20.545993637713963,412.6525785405163,0.030807998424964272
244.30740516999776,48.463095900774334,440.1517144392212,0.01519241711949426
84.84668858680243,-93.60635668272946,263.29973385633434,0.3464959305172368
185.50032927257735,18.620048484040097,352.38061006111457,0.029828187656465333
155.42513154066455,-23.350598751710066,334.2008618330392,0.08743601555780227
274.22277711950665,68.93796212612565,479.50759211288766,0.009535303738570713
243.39628773660934,75.41756498930476,411.3750104839139,0.005092464295728183
251.00813231664551,67.74239658013133,434.27386805315973,0.007901655973630631
111.50516631538221,-71.32753384837278,294.33786647913723,0.2283400079040957
173.90308724577926,18.58140078270327,329.22477370885525,0.02869506889592696
356.6061301239947,164.87704316413905,548.3352170838504,0.0003964786992217573
345.55540566969285,152.05448952074622,539.0563218186395,0.0006452785549064729
187.620392309826,18.970879402298266,356.26990521735377,0.029692952574289066
255.86536106919266,70.99397955651929,440.736742581866,0.0073001087174387495
114.00739681086088,-65.35003485584144,293.3648284775632,0.20942173060259145
292.28383740870277,114.22413803278067,470.34353678462486,0.0016130375861668964
173.68124444524437,-17.966398445315576,365.3288873358043,0.07504587775406892
59.82644638942884,-130.1557015108975,249.80859428975518,0.5321514834691621
130.27557282520138,-33.78670729706752,294.3378529474703,0.1179487997983309
161.106351464849,1.6301470788882568,320.58255585080974,0.047759900328740446
49.08594313703361,-132.09090369407772,230.26278996814494,0.5911513742974899
299.0499710150475,97.38047204540618,500.7194699846888,0.004167476200865282
300.6313984622393,137.86062450574138,463.4021724187372,0.00043375216114917227
246.2134362077436,66.19300254467717,426.23386987081005,0.008035687417412268
171.23873610920782,-2.2475121127248485,344.7249843311405,0.05296827804142012
169.23921260960788,-0.49034798216166564,338.9687732013774,0.050649224594567985
254.28575465951235,78.9042777457812,429.6672315732435,0.005097068821757224
77.35431347718668,-82.84921368097386,237.55784063534722,0.3392980430955682
275.7735752927824,90.69227025356116,460.8548803320037,0.004008094501151988
118.9549415330257,-55.02353471737257,292.933417783424,0.1773553515300243
411.65284595014873,222.62986586538634,600.6758260349111,4.2970101622765253e-05
151.64081091883054,-33.854808902544306,337.13643074020536,0.10758967007953564
174.02111855813064,8.132014871939305,339.910222244322,0.04003627466369183
195.44846917497262,37.197043894119986,353.69989445582524,0.016222620298271408
83.15811473190342,-107.89570513692186,274.2119346007287,0.38877485739217266
40.484758525854886,-130.25503428761954,211.2245513393293,0.6381416643382294
111.36428512438442,-43.85676317162128,266.58533342039016,0.1571798717575374
372.44659173747186,207.0612005856767,537.831982889267,2.4906203209554698e-05
335.6386581274478,147.96731588599243,523.3100003689032,0.0006349692751542714
60.940931644220655,-127.67274212802579,249.5546054164671,0.5219435578667815
159.2990083026416,-31.281905055572537,349.87992166085576,0.10010394854455576
122.36797448293646,-58.51919852824466,303.2551474941176,0.18180414525859276
265.7037795677843,86.51211259948423,444.89544653608436,0.0041765491618776535
46.3925272140641,-166.2687568418004,259.0538112699286,0.6651949863906217
159.4616088836574,-31.755632014702883,350.67884978201766,0.10085610328279733
239.7220450020509,55.959740940156735,423.48434906394505,0.01125838454360649
136.88432760448086,-20.590296100100545,294.35895130906226,0.08747784867755122
248.15787963458206,78.54457253893844,417.7711867302257,0.004671367554205426
176.83863112548852,11.881942328330524,341.7953199226465,0.03597535495719909
156.50064804507156,4.214341322991771,308.7869547671513,0.04413539758047529
212.31620263528612,36.901959332933615,387.7304459376386,0.0183291948382136
187.5983188525788,10.72531442215353,364.4713232830041,0.03792894778956654
181.26631339085952,-17.40014802970603,379.9327748114251,0.07313866501815645
237.2476622657705,54.48053203957522,420.01479249196575,0.011627677968547096
426.51756170990257,239.7111828911317,613.3239405286735,2.046485099046225e-05
168.18027057938298,-4.783857439683231,341.1443985984492,0.056517630611893674
248.16196185580884,61.62069149638816,434.7032322152295,0.009781863664434958
275.4321753431718,118.31096312160983,432.55338756473384,0.0008049052300627175
343.82501385036903,183.14655641102172,504.50347128971634,5.7070618781930454e-05
105.37605535881039,-65.4570066234271,276.2091173410479,0.22310288559218466
127.14358187700236,-17.1535040976419,271.4406678516466,0.0833266114860021
126.27576291616424,-40.872426803342705,293.4239526356712,0.13648541304338083
371.372454250969,174.34053420398223,568.4043742979558,0.00033558548942682264
262.11479824759454,117.67945887062262,406.55013762456645,0.0005344740333457661
133.10314513436015,-56.72406363163188,322.9303539003522,0.16668780225446386
222.20411871407487,48.17690807887206,396.23132934927764,0.013004947475132336
313.82859682448543,126.79394177964255,500.86325186932834,0.0012954458063660149
150.86089346484823,-11.736091292966677,313.4578782226631,0.06850211727640977
190.16007551663006,3.943729592488296,376.3764214407718,0.04545389934242455
154.2857378500812,-49.35891228752649,357.9303879876889,0.1355084889453955
140.14899798261195,-25.04881047643275,305.34680644165667,0.09515444654763537
72.30969824065596,-89.5430615557342,234.16245803704612,0.37641550341930374
166.94300199923146,-29.49610407625042,363.3821080747133,0.09465402563572499
252.80009699949278,75.73953443655779,429.86065956242777,0.00573260563486899
44.30911806483482,-122.61267380035096,211.2309099300206,0.5984125694380801
87.6097206630352,-101.49794180995264,276.71738313602305,0.35920646446383175
139.44361014019387,-40.38293807752416,319.2701583579119,0.1266671545463668
90.53355638263747,-89.49026034740464,270.55737311267956,0.31981533545871427
151.73154414566534,-18.62388277827202,322.08697106960267,0.08004030444775807
166.19451992118866,-26.19848811689465,358.58752795927194,0.08940826743243949
283.15025597237445,98.94751357274984,467.3529983719991,0.0030330734345306552
138.78061164925202,-54.36997208552867,331.9311953840327,0.15647229202626137
234.65944786856653,32.98877895438531,436.3301167827477,0.02316006880934035
229.9436275948956,60.538987486580965,399.34826770321024,0.008459916817025518
205.01460760426608,46.33268554798357,363.69652966054855,0.012007838556410525
239.18083009483144,64.01451891015219,414.34714127951065,0.008083265264496165
148.4723979169844,-11.908104881665366,308.8529007156342,0.06912386854956318
160.14296336330472,-1.7997216293160534,322.0856483559255,0.05253689514185337
159.6794998867772,-43.022074640093024,362.3810744136474,0.12074094476994592
142.2596509833179,-29.154239856399073,313.67354182303484,0.10246518945993198
35.155652296324206,-163.35549243507293,233.66679702772134,0.7253484995731674
180.34700044454394,9.71394281025107,350.9800580788368,0.03859599934892925
218.73913516020139,56.90171160165818,380.5765587187446,0.008716636905037312
238.76730247882188,58.07084951893364,419.4637554387101,0.010270248419787062
170.4888274931859,-14.935181579407754,355.91283656577957,0.0709666487211732
107.72921835096577,-49.98754014702308,265.4459768489546,0.1777805743612761
215.17639672513042,46.32286493110445,384.0299285191564,0.01317566011003747
328.5821719472592,154.69564966645734,502.46869422806105,0.000325246904794491
247.07856120590986,59.46693141259675,434.690190999223,0.010510560753327706
161.47111152643038,-31.573557813837596,354.5157808666984,0.09986657007580077
227.3574825820533,68.06828479824537,386.64668036586124,0.005740058149201007
199.65925621477982,46.01198014289298,353.30653228666665,0.011552520858718952
250.28341784649228,54.52660860819853,446.040227084786,0.012892404412025743
121.4914044501661,-56.73108266811167,299.71389156844384,0.17864536135709722
460.0164175264158,279.8525089962202,640.1803260566114,2.6222727131262065e-06
372.4690090097729,179.33744369195102,565.6005743275948,0.00025628940238679927
254.11601841652464,90.31610624880392,417.91593058424536,0.0027980054789257343
201.62854702349523,6.562465536201955,396.6946285107885,0.042952604304513
92.39665867568101,-90.59541837163573,275.38873572299775,0.31779909436134796
115.45551849833828,-67.76770290147667,298.67873989815325,0.21339430561794684
78.93129621217349,-121.59920004203977,279.4617924663868,0.43563263378171313
227.40337637939365,48.64800095371925,406.15875180506805,0.013335642922493786
238.68032170711103,84.82138924601745,392.5392541682046,0.002787519841766167
229.360841557575,64.67698043594828,394.0447026792017,0.006950244300437592
28.944564344960327,-146.29731568169342,204.18644437161407,0.7431619650309611
200.2742380990485,-12.513242519290543,413.0617187173875,0.06470229266038476
227.01418879440462,49.866172548860874,404.1622050399484,0.01268958185179701
230.58475721233253,58.830935272288286,402.3385791523768,0.009167801056671315
242.24210097308833,51.9908665930044,432.49333535317226,0.01329183351989361
149.02910313539405,-33.83193748438791,331.89014375517604,0.10845316362690777
342.6688973072246,157.83330875644506,527.5044858580042,0.00041346144468746464
131.19650880633526,-69.66880871375778,332.06182632642833,0.19731530565324154
231.58917886913105,43.350886680290955,419.82747105797114,0.01656142110657161
191.65126586151246,24.705454448248275,358.59707727477667,0.025001954265140174
181.64125258149215,7.942036642037692,355.3404685209466,0.040639515708334045
412.4270044916002,243.93952664425456,580.9144823389458,5.65332925140226e-06
174.47176806988,-10.347179750397913,359.2907158901579,0.06390140909636707
-21.130608339680748,-197.21114156885508,154.9499248894936,0.8117730194187676
136.1473334229172,-41.94228937915136,314.23695622498576,0.13202336421523023
206.82104597839043,23.199082564597404,390.44300939218346,0.027801762346133126
207.2783863531463,13.253875731552483,401.30289697474007,0.03659555032026929
11.001969104533146,-147.80585646907974,169.80979467814603,0.8906149286439851
144.316670474273,-43.22286518423783,331.8562061327838,0.1295500136323633
323.7870373566657,133.26252889151894,514.3115458218124,0.0011242998186813112
174.30597722143602,-17.13096172742894,365.742916170301,0.07372508513333008
218.80067670027165,43.24142638209469,394.3599270184486,0.015245489948409777
116.03405124146911,-49.24593522559576,281.314037708534,0.16617233092820582
58.83742822248678,-111.51241050619103,229.1872669511646,0.49370849330943833
306.2883607758595,125.28901523614473,487.2877063155742,0.0011762834897338893
264.6928257227737,91.70055022228186,437.6851012232655,0.003167145227112268
221.0645934269719,46.437410412071785,395.691776441872,0.013772981885221448
148.91317780075906,-6.17770675065222,304.0040623521703,0.05960740882093185
318.7791317093688,149.92527995325258,487.63298346548504,0.00032894210670052416
162.66004552620507,1.9578594490145065,323.3622316033956,0.04734122040834079
247.5840954157875,98.49571176357412,396.6724790680008,0.0014317761301722996
282.323513616318,116.17937634855815,448.46765088407784,0.001125723408242902
134.80017472506188,-38.56320181937747,308.1635512695012,0.12539816121415295
319.12229784099554,156.90260161519936,481.3419940667917,0.0001913014857735654
412.2622800528479,222.43847907094286,602.086081034753,4.908244561427338e-05
178.04220387433725,7.996351170649859,348.08805657802463,0.040393299747918394
204.6610711743756,32.299577934047306,377.0225644147039,0.020572272463691872
205.0816543621545,17.745500367986352,392.41780835632267,0.03233381061522847
177.48445266049976,-13.685316204098456,368.65422152509797,0.06834408827899771
208.67598630114662,3.7687695123517813,413.58320308994143,0.046033603374748544
208.16066394710515,31.827640524634177,384.49368736957615,0.02129827612231574
148.65754995824364,-9.19464685385455,306.50974677034185,0.06454815921201279
316.8082741480707,148.6664929613788,484.9500553347626,0.0003374548703854292
48.74421174457166,-123.0385909729174,220.52701446206072,0.5737186102560066
199.94617388807364,8.542142645694696,391.3502051304526,0.04084433368565323
186.30777945469436,7.397092418646736,365.218466490742,0.041460565276234485
213.2611133374353,33.45279549569733,393.06943117917325,0.020711636642242112
102.1414447518082,-68.37084375130203,272.6537332549184,0.2365115291488747
36.49763428469669,-147.39302421809495,220.38829278748833,0.693382851139356
114.08025861584792,-60.82123676026228,288.98175399195816,0.1979268164439623
338.16527341703613,125.92644995018497,550.4040968838873,0.0021652283735114418
114.24957630125527,-75.10982111209825,303.6089737146088,0.23309736601912945
246.69797568227068,69.19424910742836,424.20170225711297,0.007063792547810127
172.67762924035196,-40.14916746444058,385.5044259451445,0.11028804539631974
330.0603030352536,145.64795477543976,514.4726512950674,0.0006320501798387662
145.5959383360996,-27.391558139069986,318.58343481126917,0.09781725046605945
96.91245671662273,-63.66513751972229,257.49005095296775,0.23317251315589385
296.4870087054528,135.02074429712377,457.95327311378185,0.00046522642584420935
195.63358010741422,4.052749229936438,387.21441098489197,0.045458996102148264
341.7911900074246,172.48095339865498,511.1014266161942,0.00013501522055501793
255.07823975340216,85.93256538608719,424.22391412071715,0.003604484837712201
382.87508567972327,198.71494432449143,567.0352270349551,8.770240018886456e-05
222.51278764143353,31.602947363156233,413.42262791971086,0.022933973147300783
296.5292461287354,98.59222280151059,494.4662694559602,0.0038440974143579103
283.5912114570774,85.31700935287029,481.8654135612845,0.005631828378014001
297.8536312891197,136.39665554891994,459.3106070293194,0.00043949505750957835
159.48525036670617,-17.97680276533319,336.94730349874555,0.07743407135282594
241.38825639724246,73.86038342603831,408.9161293684466,0.005303934320433758
167.16245296324405,-0.16879995744713483,334.49370588393526,0.050225891661476375
254.65524579054863,72.17398429637316,437.1365072847241,0.006843479355547505
300.32355404682085,119.6702899303574,480.9768181632843,0.0014179304400262942
345.925007301023,178.22449720348652,513.6255173985595,9.946489794453269e-05
297.84483455471945,124.90568503692822,470.7839840725107,0.0009774465942543106
193.0395125058567,20.108338537651576,365.97068647406184,0.02919923922711914
251.28975385974127,54.74667111348464,447.8328366059979,0.012892530182172485
289.48018154222245,114.80310537250068,464.1572577119442,0.001462814595787487
76.88722592126942,-88.5264757222831,242.30092756482193,0.3574919716105478
257.541274568528,109.44707318743701,405.63547594961904,0.0008764773360455843
145.94143031818567,-27.254970071278677,319.13783070765,0.09738638796429062
198.43540637849583,19.763868642162436,377.1069441148292,0.029960186160606733
267.7521321115378,94.27378051214438,441.23048371093114,0.0029210605716549955
167.48634360720416,5.855804787654392,329.11688242675393,0.04244315659365417
234.87959033922698,51.736090122593936,418.02309055586,0.012623272382242668
269.42986630387895,114.7455662828435,424.11416632491444,0.0008576333675271036
25.82554751556563,-162.7944286301862,214.44552366131745,0.7856994980918477
180.34424050046573,25.219357575165105,335.4691234257664,0.023272976358014126
183.40758973159745,-17.595367753636026,384.41054721683093,0.07310401477999383
252.37801737102927,44.85268449198432,459.90335025007425,0.01779559382402563
95.7641291408222,-82.58372139661421,274.11197967825865,0.2883213601421992
268.1298258991369,67.82332634226839,468.4363254560054,0.009418438060453957
237.6150196799572,24.044327761658053,451.1857115982563,0.029684616175115808
158.7153076333757,-23.223522115273568,340.65413738202494,0.08638137205804719
242.62769834887877,71.67693493244329,413.5784617653143,0.005991648084999521
194.4891794234627,-2.846410536601894,391.82476938352727,0.053303394061588606
137.53582585858294,-23.036236395532256,298.1078881126981,0.09207469859121352
148.04805113929115,-38.51561816605678,334.6117204446391,0.11818061692852601
61.24513048863446,-110.28987132893178,232.7801323062007,0.4791849469059817
194.8044157459767,17.729615839592213,371.8792156523612,0.03152994337378409
270.572771300097,99.74320669623012,441.40233590396383,0.002294075975602739
261.3495872880753,93.54873444377333,429.1504401323773,0.002697043187335565
351.55626613321874,165.03864704759388,538.0738852188435,0.00033532484829925833
128.84544593099054,-57.96626272298403,315.6571545849651,0.17354276369897748
202.86432954633483,42.34543525288245,363.3832238397872,0.013923421372747
279.5717467000454,119.63003278706682,439.513460613024,0.0008241907410124308
88.21697033257578,-94.53919987518785,270.9731405403394,0.33920576757418996
165.0085064732657,-14.469658511375798,344.48667145790716,0.07100785969743852
163.85259506334114,-8.266748211159552,335.97193833784183,0.06176710127495742
131.26513965714094,-11.141593006231744,273.6718723205136,0.07028755694645901
165.54712701190283,-15.701358420630697,346.79561244443636,0.07281626240549344
33.2354036850943,-123.79239609886432,190.2632034690529,0.6746377295984288
273.1824465417303,99.26794953220346,447.09694355125714,0.0024918751275172586
133.72569001282272,-40.2256647407053,307.6770447663507,0.1299344895159396
28.71484014164662,-146.44216777260348,203.87184805589672,0.7449766581669344
-8.371681999694374,-197.4382623224478,180.69489832305905,0.9299757252905606
44.71861301622994,-146.68948431452142,236.1267103469813,0.6430530315224915
85.03468196917174,-117.49084069925377,287.5602046375973,0.40576025510499003
166.21224625252626,2.9124622489622993,329.5120302560902,0.04615610236953848
318.38571105852225,133.07996648066703,503.69145563637744,0.0010336631981491676
162.75938611219954,-24.334834754783003,349.8536069791821,0.0872382833313111
271.7522380211158,103.08906383732602,440.4154122049055,0.0019421436526778464
232.84312821993672,33.74101224193754,431.9452441979359,0.022493649097866705
129.96975553931134,-67.29713156420229,327.23664264282496,0.19335840686373565
174.17117919278007,20.115105820741206,328.22725256481897,0.02721552796508003
258.65274855927237,84.47063242293856,432.83486469560614,0.004117097800782511
252.97547867973208,101.50922339210479,404.44173396735937,0.0013490949901042964
44.27103921966045,-137.49610462310469,226.0381830624256,0.6289697746022668
214.20236456633438,25.601163481717236,402.80356565095155,0.026581593021406613
315.4428050052911,128.7150518465404,502.17055816404184,0.0012081907049725498
196.23362019771002,31.289840392563434,361.17740000285664,0.020381603180983376
286.1256204456213,120.76375285512637,451.4874880361162,0.0009266987877889412
91.3680457002547,-81.68474718819246,264.4208385887018,0.29643540740310675
184.501210049782,31.73284037500605,337.26957972455796,0.018584502171262597
227.54351046476222,32.24025394513089,422.8467669843935,0.022986300113768426
96.66036085004453,-86.63142523426777,279.95214693435685,0.2969146556428634
316.7187669788368,138.24602712726306,495.19150683041056,0.0007082957436928192
204.5449210151005,32.084524395723776,377.00531763447725,0.020725502611598622
113.86025552389219,-41.50545172639616,269.2259627741805,0.1485741991468784
253.49325704620878,69.50059198802245,437.4859221043951,0.007552869710686578
213.17023701094013,34.17238673354396,392.1680872883363,0.020219614549181277
192.97449630822712,12.669901665535832,373.27909095091843,0.03626538783398542
186.17779073745123,25.154285271611172,347.2012962032913,0.02401586282729903
115.30085041311258,-59.45448987932295,290.05619070554815,0.19278406967383319
140.86611273443486,-41.686004348965184,323.4182298178349,0.12832578095807487
300.62890532941447,108.83631074558005,492.4214999132489,0.0025361994171436038
336.3458122515317,142.06994057236435,530.6216839306991,0.0009171272008825555
171.28390455886256,-26.648617409660886,369.21642652738603,0.08888562380207202
123.11951781310745,-51.0276040148911,297.266639641106,0.16319572527415388
237.1737616759442,87.27921003797996,387.06831331390845,0.0023170845137326806
62.251125713200054,-109.45248248672615,233.95473391312626,0.4725834973912275
101.64486504492379,-82.02251081631138,285.312240906159,0.27387021906234316
241.09047961904434,36.91321156756945,445.26774767051927,0.021325687655089836
206.8142797169662,8.97750622787217,404.6510532060603,0.04070053127933881
161.73226912871678,-26.97217382843425,350.43671208586784,0.09187245860351533
127.17668781125258,-23.48097275789172,277.8343483803969,0.0968425304430847
274.96007846862403,76.00621621994404,473.91394071730406,0.007388567110996689
85.02629481072654,-110.73465042301157,280.7872400444646,0.38973777637995377
112.01096440769606,-59.33207597033942,283.35400478573155,0.19693086123142975
395.95681180569,231.0822232188699,560.8314003925101,8.085968029541566e-06
239.15646714346212,50.25683179247841,428.05610249444584,0.013766420487741952
185.1677731940813,-15.905953315334955,386.24149970349754,0.07056391350663917
290.29637491430685,97.00259342769428,483.59015640091945,0.0037377007130409493
257.25504385838804,84.33898550848289,430.1711022082932,0.004070979529999348
141.3776463791737,-13.152967017421844,295.90825977576924,0.07238098565669762
304.5933777680657,118.15327344012348,491.0334820960079,0.0017070764285477414
198.3909325541972,10.49105658782986,386.29080852056455,0.03878060432772657
64.36242518957806,-116.0088122417695,244.73366262092563,0.47909709076551954
242.9597444413298,79.20404511601049,406.7154437666491,0.004147796411784417
110.20167592265898,-51.50020141378951,271.90355325910747,0.17876295800812242
277.0501261206264,91.95495867262431,462.1452935686284,0.0038442145535220102
276.3670899377353,81.32110119415981,471.4130786813107,0.006080494111487336
245.2145033611523,73.1943335817491,417.2346731405555,0.005794238004069245
98.55700089456104,-74.5418784106744,271.65588019979646,0.2604193910403639
282.28609264507077,117.35716458595732,447.2150207041842,0.001039732160203772
33.30400299009807,-142.78227519540548,209.39028117560161,0.7075257248591065
77.69336886246901,-120.41863523391507,275.8053729588531,0.43717183430183537
202.09475637534206,42.70380382952203,361.4857089211621,0.013629829728751689
234.88487730588668,69.96732154159835,399.80243307017497,0.0058261827542991414
204.06313086912132,47.0929296456913,361.03333209255135,0.011512950124508573
313.5790856871463,118.64984315396143,508.5083282203311,0.001981125784514218
191.8629305192526,18.469955515308925,365.25590552319625,0.030555274421005977
246.13828369169505,78.43872946509012,413.8378379183,0.004547787532793718
88.99878665520464,-111.72580607578303,289.7233793861923,0.3800646143202854
193.35661205968154,25.49400086281588,361.2192232565472,0.02453008024930748
249.40435183711088,74.12815484893608,424.68054882528565,0.005880274557565915
118.49492131171428,-46.91831020020004,283.9081528236286,0.15780826655693497
248.56260233428247,70.11488307078793,427.010321597777,0.006944556559594638
144.89026925906637,-10.866801892688557,300.6473404108213,0.06779905105627347
237.46137751820788,59.91855808405157,415.00419695236417,0.00946691664415521
305.34189244099844,130.12659449991907,480.5571903820778,0.0008592984771451784
11.386195577529634,-158.01603073497517,180.78842189003444,0.8938913861299868
146.7604527812323,-2.271556201731272,295.7924617641959,0.053501778122132304
180.4987869311858,-21.521550024650367,382.519123887022,0.07917350232855785
215.11798848560647,20.791549787500173,409.4444271837128,0.030484043653383943
311.7437945296988,139.46853972672685,484.01904933267076,0.0005712999070045361
105.1271127457012,-75.48702685771286,285.74125234911526,0.25002197715330576
78.43542211443764,-93.79869264795548,250.66953687683076,0.3673810027076979
173.2530909619918,-5.237616361172769,351.74379828515634,0.05692889727007123
195.0612996449172,13.0896912760835,377.0329080137509,0.035988937482307984
168.06692889675605,-21.499803642193342,357.63366143570545,0.08146850485443025
224.07068743221134,54.93073500113127,393.2106398632914,0.010097272096346845
380.4273771621956,206.78695046220804,554.0678038621832,3.9078541964299306e-05
178.7754229446423,2.611366047012069,354.9394798422725,0.04678000672492303
319.34507502734687,151.67822241224349,487.01192764245025,0.00031244473063035786
185.44565415796615,22.810523611545563,348.0807847043867,0.025963631861571634
206.12830569230346,37.669117750236666,374.5874936343703,0.0171425126289107
284.3369802985676,99.63815847685123,469.03580212028396,0.0029946742999637545
109.37089615938748,-53.2166753835707,271.9584677023457,0.18437418597360503
204.89867695446674,25.716636786598002,384.0807171223355,0.025555621869629272
130.56684575891268,-52.41693737420488,313.5506288920302,0.15943119583254203
244.3591818637101,52.62385733995711,436.09450638746307,0.01317523598546837
167.47437806035077,3.560327152360884,331.3884289683407,0.045350599380881707
73.14721176913599,-108.51950481548513,254.81392835375712,0.425211855534698
2.2861330753389666,-186.00345950465848,190.5757256553364,0.9807758499804768
100.66302713742152,-95.56370702319,296.889761298033,0.31021986639710475
172.14248878779836,-4.105250479174572,348.3902280547713,0.0554408036290266
47.69279366606543,-121.81307616199427,217.19866349412513,0.5765771326540473
194.07399883254766,1.9537068351865798,386.1942908299087,0.04777075200907095
307.81922069344137,133.74548272015997,481.89295866672273,0.0007292449176520343
70.32422894704905,-109.69284297726324,250.34130087136134,0.4390043535215924
70.26006473295865,-125.16904330096898,265.68917276688626,0.4762609798642623
280.8417544163435,91.94609926184475,469.73740957084226,0.0041002493671521145
151.64541746325222,-33.195547196278454,336.48638212278286,0.10642851987705014
127.35111954812965,-56.28239394744338,310.9846330437027,0.17120750191134582
84.82810957494576,-75.57703742265406,245.23325657254557,0.2950213223994176
246.8611443097093,19.987229029482847,473.73505958993576,0.033347563142496706
285.34758126613815,106.80154621019844,463.89361632207783,0.002112105075691726
177.69281143818444,26.46121612011362,328.9244067562553,0.021887580797535267
127.23259309497098,-43.40931431048614,297.8745005004281,0.14173215241194376
176.00796592814595,24.33687546851428,327.6790563877776,0.0235435275767437
262.53419193161335,76.65766597451736,448.4107178887093,0.006226853750033298
51.88981168159626,-129.14528137431944,232.92490473751195,0.569564147326175
222.34507362638806,53.09526094592073,391.5948863068554,0.01069559132825523
341.69962170715326,165.89677720368954,517.502466210617,0.00023466158898729155
206.20917081872904,38.45872056855055,373.9596210689075,0.016693679063593685
284.2317395779364,135.693689572935,432.76978958293785,0.00027612943594274616
83.22941334423513,-115.46651884926234,281.9253455377326,0.4066377785092872
47.789447011481116,-151.96893347371167,247.5478274966739,0.6351946770377075
129.25837726114196,-45.5481977206459,304.06495224292985,0.14500043058242912
115.57595547110895,-54.41318761370292,285.5650985559208,0.17977936059080268
225.4501597778749,64.84032614785323,386.0599934078965,0.006546533846017207
210.68404922073933,29.886177448780188,391.48192099269846,0.022970151696120593
255.7717017543182,89.53354285607156,422.00986065256484,0.0030101665434661214
287.9911910025389,121.08167579268599,454.90070621239187,0.0009539710943740561
286.0126680630324,122.9713435140961,449.0539926119686,0.0007977338362877859
268.75330038447055,86.1018398588092,451.4047609101319,0.0044524794337697775
197.45733192835678,7.488738453166292,387.42592540354724,0.04182702446394821
202.68475095685426,30.615232667611508,374.754269246097,0.021579142038390786
72.05763407000495,-97.56086653460235,241.67613467461226,0.4002562242903067
226.5004735014777,44.8063461950006,408.19460080795477,0.015222696348156005
257.2023339782554,90.8243577528221,423.5803102036887,0.0028812106278198555
349.85820355931446,166.9211076628292,532.7952994557997,0.00027841196371512214
230.68949513245025,61.27520953289826,400.10378073200224,0.00825202572942225
287.0750633084276,130.11275405557296,444.03737256128227,0.0004885516001906837
346.8438479394217,176.16946658757124,517.5182292912722,0.00012176685490691302
240.408795039878,88.80798119750744,392.00960888224853,0.002266339788774009
215.35861875433102,33.02376444702017,397.69347306164184,0.02123460081665874
163.1586725366351,-7.999925250001155,334.3172703232714,0.06142255354613743
359.61508882526414,149.2368558905534,569.9933217599748,0.0010617719705360133
226.2545231689478,56.87889248115695,395.6301538567386,0.009496488711642298
129.33285695816676,-56.29526824223464,314.9609821585682,0.16936265768370806
238.4110718716015,53.36326589368841,423.4588778495146,0.012260596303100318
251.43501436489623,64.87997930033154,437.9900494294609,0.008938835321084389
217.95345960329723,46.823189446967774,389.0837297596267,0.013249084260952218
275.0580140822922,111.65558397284133,438.460444191743,0.001255344373431489
128.91333511038465,-39.70454487728537,297.53121509805464,0.13196643992439736
493.8966865693051,306.0174899533631,681.775883185247,1.568216897575924e-06
242.86553010544185,75.84838778947955,409.88267242140415,0.00494100175156716
134.58791693384046,-50.65183856868677,319.8276724363677,0.1520470050827122
324.77263306791156,141.6700980501208,507.8751680857023,0.0006979980118805114
128.38015822060788,-66.10465747073178,322.8649739119476,0.19264140358723716
256.632912201037,86.24453925628464,427.0212851457894,0.0036441408145653836
5.265420435933265,-155.66238153822164,166.19322241008817,0.948200658487317
232.57636769031524,59.5188242789643,405.6339111016662,0.009179634231797903
212.95379033607605,31.12000569483135,394.7875749773208,0.02231145625713768
210.85449239458103,36.68874978856408,385.02023500059795,0.018297430165272913
150.98826663022828,-21.119330718366342,323.0958639788229,0.08464659257286893
302.3409267805473,138.28549346224392,466.39636009885066,0.0004490553859987388
276.67116029574936,85.53872578066373,467.80359481083497,0.005107711312787671
163.54566562169293,-6.632515692403729,333.7238469357896,0.059383985681518425
85.96127870390728,-88.05090816132125,259.9734655691358,0.3284127477557327
187.67157804802173,16.311631397133,359.03152469891046,0.032246138363503186
154.86863919633288,-2.529556493045277,312.26683488571103,0.05369557725829332
25.31007287487091,-159.62287534006524,210.24302108980706,0.7859481871891787
321.1322975217313,131.88883434674253,510.37576069672,0.0011453310204361303
363.6564600084589,181.9081549594508,545.404765057467,0.0001576882919844496
177.4980600547956,13.654980403160295,341.3411397064309,0.03410405766002297
236.73937981764902,67.0325219479912,406.44623768730685,0.006868906069958904
151.70825285772162,-34.47510493737775,337.891610652821,0.10875524568932166
-86.88998371439084,-250.54374456544966,76.76377713666798,0.2937383599667049
249.39929865393924,76.43126923106507,422.3673280768134,0.005280103864078593
297.2661359361591,140.64489849036488,453.88737338195335,0.00031209335599093096
110.3133395247205,-76.03855198347816,296.66523103291917,0.24217683614506508
228.30508712782375,82.56686831221111,374.0433059434364,0.0026058714372082406
133.5066594956429,-40.36569666502808,307.37901565631387,0.13037782915562834
195.7109182817585,3.153030742741379,388.2688058207756,0.046453931743738255
179.67348465716577,16.84069962459924,342.50626968973233,0.031007824142186297
181.7628896658257,28.478101928805216,335.04767740284615,0.020741727816055735
348.7193045309791,169.71854635079896,527.7200627111592,0.0002193390994218622
348.76067386961586,165.24767857901557,532.2736691602162,0.00030468186658422957
216.8905183302668,30.14078745204523,403.64024920848834,0.023408041823144224
121.71872587327925,-47.49575560502066,290.9332073515792,0.15611426638238152
328.22837094865326,187.3328342599945,469.123907637312,1.402298050345201e-05
234.77786824268424,50.283825785547464,419.271910699821,0.013318892908564832
195.8930157217169,-14.155735793620778,405.9417672370546,0.06713202730245132
104.51003567504858,-80.1661847131422,289.1862560632394,0.26334826335844136
138.26733303355877,-62.67366246033825,339.2083285274558,0.17459459489605283
143.95516893584954,-46.42192602871981,334.33226390041887,0.13617666560201466
163.4246697608678,17.49603007055515,309.35330945118045,0.028654738987890137
119.70528112884631,-77.24065882518025,316.6512210828729,0.2298976580259857
85.1213728717039,-80.76423699348987,251.00698273689767,0.30970337380015023
-66.27311686482335,-227.33805624672726,94.79182251708056,0.4151386303966471
209.03649617023984,12.753501152876055,405.3194911876036,0.03716997739419155
223.78850891815728,64.33592004571989,383.24109779059467,0.006570772217191199
322.7092012369103,127.83670840322145,517.5816940705992,0.0014737184982929641
137.49766036547544,-43.257608416530985,318.25292914748184,0.13386105935384032
75.75445756180488,-98.37584789099003,249.8847630145998,0.38881053964338375
198.6627120994176,37.5597930386582,359.765631160177,0.016330846111117098
-16.026637450651833,-177.29687493233078,145.2436000310271,0.8436550584737337
154.29538527421846,-16.287597703231796,324.8783682516687,0.07560465508601236
203.92534346604407,27.624390755149903,380.22629617693826,0.02396685132402652
132.54076304407363,-43.09345832164212,308.1749844097894,0.13698343125850845
144.88003137962733,-33.55009323204749,323.31015599130217,0.11001817232839341
359.3857233920039,187.67287975928494,531.0985670247229,7.921287335795894e-05
193.0795322050617,9.658078968894102,376.5009854412293,0.039366512892141686
217.29501403780068,48.08669156437293,386.50333651122844,0.012560944069294887
210.39297994157187,2.4426867663904375,418.34327311675327,0.04743400603858744
124.28818509544499,-47.80161015381546,296.3779803447054,0.15444950778099426
255.7451577913148,77.49643396652863,433.99388161610096,0.005564999482639734
252.387513254449,50.12319729534383,454.65182921355415,0.015130810393949319
190.48785581533457,14.687757199886704,366.2879544307824,0.03411111580302114
17.633779962340213,-145.79929576424337,181.0668556889238,0.8304340761307948
387.6949395813972,192.3981403437722,582.9917388190222,0.00017818432136899951
294.91782831396995,100.06338025872557,489.7722763692143,0.0034859699810846664
272.93350806202625,103.50240206651696,442.3646140575355,0.0019469505246619738
279.0731446577274,104.15928850470385,453.987000810751,0.002139533636924168
191.73358519275462,29.940860357742423,353.52631002776684,0.02082980370278151
297.4531334317476,132.58650143680856,462.31976542668656,0.0005788707386966688
250.0656868844062,71.67010349959827,428.46127026921414,0.006653576242805125
311.3902882552693,136.73860688993253,486.0419696206061,0.0006575469297521856
381.20860703977587,208.09247293531763,554.3247411442342,3.644398186248003e-05
221.74208494462937,73.70358993534063,369.7805799539181,0.003835668037121688
217.589279731254,54.73401891822249,380.44454054428553,0.00954323907174322
265.6484650424327,113.98666418520827,417.3102658996571,0.0008052130403950846
200.93551839650945,20.449413707839568,381.42162308517936,0.029577438500659706
41.40006576668293,-134.9390344882168,217.73916602158266,0.6414813004481239
219.5577240773655,41.4080650517171,397.70738310301385,0.016376694359771394
251.20251357877123,76.90003546528862,425.50499169225384,0.0052945631915878475
196.96552285569032,15.178874668936999,378.75217104244365,0.03408285219631071
237.4494599858508,52.98691041591772,421.9120095557839,0.01232000615053885
119.91953761771674,-53.46776540283733,293.30684063827084,0.17242954336892719
290.07197940308606,110.11835233011206,470.02560647606003,0.0019899760921908943
373.69357570216425,183.2107691766367,564.1763822276919,0.0001986890415144951
140.84044632724317,-49.14058055641098,330.82147321089735,0.1439967368941865
70.44042310004079,-103.74690814839443,244.627754348476,0.4229762797525125
83.7426369538698,-87.75419218608093,255.23946609382054,0.33398269995806695
110.03138487451861,-66.51546433577852,286.57823408481573,0.218400125548813
171.36322641216384,-3.8690092105196356,346.5954620348473,0.05514653742270787
126.97957658734549,-55.380331392438336,309.3394845671293,0.16961964974734986
30.244130480419244,-152.34567284816163,212.83393380900011,0.7424243505546794
333.6950718380467,191.4272194826221,475.96292419347134,1.2424940759791642e-05
95.0007484373723,-96.52260306581877,286.52409994056336,0.3263219098527297
56.091919435314594,-100.64352992374205,212.82736879437124,0.4782455063794179
112.16809213202214,-81.6361237067074,305.9723079707517,0.25272461100562965
324.6455676061232,153.10696450044622,496.1841707118002,0.0003202193035548168
190.69499945427697,23.88666137271065,357.5033375358433,0.025603175048944115
297.62171702446585,119.13413073112423,476.1093033178075,0.001374951158425966
250.10440695288708,55.64090797367845,444.5679059320957,0.01239667605243827
211.65025504547248,2.5141604954920638,420.78634959545286,0.047374185363841706
46.4016778242667,-136.73742963737376,229.54078528590716,0.6150015674906193
132.31784403024403,-25.247150979883855,289.8828390403719,0.09848632422890885
370.12950640800136,197.6014449096559,542.6575679063468,5.437723159954325e-05
190.73765010557554,11.320405055360794,370.1548951557903,0.037518097489661534
395.0578072004914,210.13152739175624,579.9840870092266,6.002216239406038e-05
194.09027791498875,7.427418289613286,380.7531375403642,0.04175867258013886
226.9381872586814,63.003022704177795,390.873351813185,0.0072846700757315305
217.99161499543652,8.326337059182833,427.6568929316902,0.04177119319668037
253.60456488710315,89.07909619294244,418.1300335812639,0.0029604117112016575
193.8677186437053,10.246794247162256,377.48864304024835,0.038785576686021714
332.49712950772255,163.4741338658232,501.5201251496219,0.0001913789155292628
226.0506643170911,33.127344336427626,418.97398429775455,0.022248586147910754
59.42082702238167,-128.60234067867643,247.44399472343977,0.5310502242619295
237.56817411059137,45.875680692947924,429.2606675282348,0.01580836755384997
182.96366881962376,13.293418454566165,352.63391918468136,0.034926937553394925
189.07198487803907,19.602209243471805,358.54176051260634,0.029248562066964055
171.90647739790757,-18.60034051553899,362.4132953113541,0.07628823219046355
230.40077246488954,58.91866526039067,401.88287966938844,0.009110544408042147
290.91278220846516,99.99111194870011,481.8344524682302,0.00328814396584493
140.93792514594224,-19.620420920830668,301.49627121271516,0.08446292029930251
292.8317080953402,129.80751044594106,455.8559057447394,0.0006052037954424562
269.3582537531606,96.3006585029463,442.41584900337494,0.002727259290651835
252.04708376348708,67.47504947598941,436.61911805098475,0.008074979141238146
261.85232642682604,100.75039697041075,422.95425588324133,0.0017841189559526767
199.84460035996608,31.64435644235931,368.04484427757285,0.02050332463245508
134.5367673851615,-34.94029939802809,304.0138341683511,0.11794027178084739
256.7701948501167,105.40981650214746,408.1305731980859,0.001144493879657591
234.54621681654544,48.45888724629535,420.6335463867955,0.014176237803205139
28.594224006340028,-165.0684260260016,222.25687403868164,0.7694752392528881
130.91762408061413,-45.75772559846672,307.592973759695,0.144070882527821
54.851202172083504,-123.96841831195269,233.6708226561197,0.5429563328115157
192.25371412873392,10.46611412525985,374.04131413220796,0.038485174326020694
233.64681319791498,59.760578259492036,407.5330481363379,0.009115119672128516
110.11917413782339,-61.32285610762273,281.5612043832695,0.20445320065315964
259.8491616117267,76.46257733460897,443.2357458888444,0.006070515770819926
113.91911216757808,-68.89952048550444,296.7377448206606,0.21848864009216884
177.99731853990716,8.440903508596278,347.553733571218,0.0398875464161016
150.30895745045245,-20.570632712791962,321.18854761369687,0.08384430142651118
149.18715634805994,-22.405680602578997,320.77999329869886,0.08739293646305496
315.0778580140577,118.62911930074031,511.52659672737514,0.0020307685737691703
127.93272965120195,-56.42814115657305,312.2936004589769,0.17077552188304065
182.44752499126344,4.247368766646872,360.64768121587997,0.04490939349721154
202.36592475936686,38.27371524706729,366.45813427166644,0.016309993079059514
423.9900369011084,245.16023237280413,602.8198414294127,1.019225326930289e-05
218.87890059854772,30.842468408451595,406.9153327886438,0.023156627840641694
26.777274598583062,-170.75970323513175,224.31425243229788,0.7879723726779387
18.60979078652599,-153.37111418885942,190.5906957619114,0.8299609857378887
131.1695923032321,-58.74231091397962,321.0814955204438,0.17301975017493743
111.79326154586715,-77.04524774963588,300.6317708413702,0.24214403775917612
152.72375707658784,-7.063874571099859,312.51138872427555,0.06071922898584656
325.0308172065188,125.05968695663938,525.0019474563983,0.0017814426597294293
279.3282472995247,102.37351902111686,456.2829755779326,0.0023768618445597313
276.30142093604945,106.8459135453189,445.75692832678,0.0017260922575391942
396.09971344767973,196.6141203598684,595.5853065354911,0.0001688721337068972
88.62118399256133,-86.54148016071545,263.7838481458381,0.3167900927886558
277.8927340881519,108.11008685627087,447.6753813200329,0.0016600508502339442
224.3699975951572,41.12417494688094,407.61582024343346,0.017065861283332744
351.20046282839394,200.47900430503958,501.9219213517483,1.388315765268488e-05
166.24732160751864,-15.838451500046517,348.3330947150838,0.07295313626032085
92.39557235507391,-101.73967445427883,286.53081916442665,0.3462943555759186
34.521125293012574,-134.33900901121595,203.3812595972411,0.6851136142516738
166.67215176598484,6.441825658995043,326.9024778729746,0.04168613542085503
191.40038074711993,45.06817810373178,337.73258339050807,0.011032633595984265
226.79227120917085,62.89596817134472,390.68857424699695,0.007323765281004029
135.6929403877507,-60.600063988253766,331.9859447637551,0.17259742185850518
376.0768766535216,178.63879741534592,573.5149558916972,0.00029627180703238875
250.96610686147096,63.230369050863374,438.70184467207855,0.009447629768383753
58.50308026550147,-147.503204429406,264.5093649604089,0.5734306195901302
151.83710762273677,-35.129521600894265,338.80373684636777,0.10986938663059574
152.87770580747883,-29.239503007509484,334.99491462246715,0.09855787413993806
251.16187808832865,71.3676031029915,430.9561530736658,0.0067922755992769835
170.16712588007204,-4.144316776761059,344.47856853690513,0.05556125967835898
335.82538259384,150.0177173114322,521.6330478762478,0.0005655737134942155
210.96869228791775,20.979999462481118,400.95738511335435,0.029998356671922
261.1428494164975,83.96367284609096,438.322025986904,0.004406818110561053
155.98279652620886,-28.80115476660444,340.76674781902216,0.09684626790747326
51.161308043943336,-131.47603511520867,233.79865120309535,0.5786399873698632
167.2175948139825,-5.620575446891394,340.05576507485637,0.0577307544273398
237.57856225460546,72.49044564378318,402.66667886542774,0.005364443996479155
207.29949044689738,18.097706464209182,396.5012744295856,0.03222596471394042
200.2621966716838,29.650012737118175,370.8743806062494,0.022020325681771924
252.10531698463956,65.7681645058639,438.44246946341525,0.00865344727582233
163.9896295395556,-22.583121797387236,350.5623808764984,0.08404417131659028
167.39702515039744,-40.94390699791782,375.7379572987127,0.1137306788553102
291.2808362552778,105.40781452424167,477.15385798631394,0.0025734767059719483
52.82621046717759,-94.75724559261033,200.4096665269655,0.4780081126476461
403.47113121055736,222.6554345041003,584.2868279170144,2.900732157266835e-05
74.53130587901614,-93.35346691011605,242.41607866814834,0.37866792116760095
214.9586886332777,60.1999344886772,369.7174427778782,0.007109600101520387
275.6209280040407,94.94730679614676,456.2945492119346,0.0032628335215159707
217.75881439039358,23.59127862439854,411.9263501563886,0.028480529266742962
-46.09524334194157,-223.76297044711933,131.5724837632362,0.6067488742268077
220.06589820304725,48.29753577771754,391.83426062837697,0.012715191728528625
210.9485172534719,38.736370810866816,383.160663696077,0.017028451550294088
205.96489091998546,29.29939608579707,382.63038575417386,0.02289927789523867
145.6985013980957,-31.564903375218137,322.9619061714095,0.10579681959488156
-37.77427580197991,-219.9362912870997,144.38773968313987,0.6808245319771008
230.4657885189854,38.59498607987874,422.3365909580921,0.01921001097317305
174.7141488279717,-24.783972995685048,374.2122706516285,0.08518264991689885
291.1799444442754,102.37588146498751,479.9840074235633,0.0029476786795691458
75.42207413252027,-97.29594571907407,248.1400939841146,0.38705991450742716
161.76454508789539,-20.77710572697535,344.30619590276615,0.0816039678070052
73.41432881884612,-108.37936989278043,255.20802753047266,0.4237385005399058
317.26939819725794,127.24353741243786,507.29525898207805,0.0013538606962683452
300.9680878828526,127.07200440589068,474.8641713598146,0.0009238274643880723
367.518075652521,186.28555373780432,548.7505975672377,0.00012552627723509883
264.77668632592713,100.4716370267549,429.0817356250993,0.0019448219256807595
193.55660977377966,11.269986506937443,375.84323304062184,0.03771734715663776
87.2987110675167,-100.22179965953401,274.8192217945674,0.3568505779840786
237.0876270148251,66.10563196297139,408.0696220666788,0.00719394030193632
130.3417149092602,-46.49188645707122,307.1753162755916,0.14623099976595924
229.3002428201653,48.59909451134746,410.00139112898313,0.013561526484593493
273.36974427903897,81.92892581154794,464.81056274652997,0.0057227040169169855
192.89066901648903,33.21983410100785,352.5615039319702,0.01854026445285405
174.75471142612332,13.419850635809468,336.0895722164372,0.03413032153666906
111.04149532422434,-68.05287672080303,290.13586736925174,0.22056392363994512
235.28489047860285,42.78299082843321,427.7867901287725,0.017249947085009015
240.55376179043787,73.65661281417394,407.4509107667018,0.005289936111316965
180.14658425374,-23.31451444234017,383.6076829498202,0.08184079346725523
244.7956061834775,66.03127986260881,423.5599325043462,0.007910060468704721
387.51787913914586,199.4124959369717,575.62326234132,0.00010291925225618779
210.8291047112566,44.98585877903881,376.6723506434744,0.01340344016843509
54.054650924390444,-93.58657382909709,201.69587567787798,0.46804456673811845
417.6110561013543,276.47057533020507,558.7515368725035,9.300809081704367e-08
409.82846394887474,254.55270842413165,565.1042194736178,1.2973502791180554e-06
219.04912877595962,44.60341424985535,393.4948433020639,0.014612511071453334
300.1642054606341,113.20904810193844,487.11936281932975,0.0020152271335499073
39.47405531795812,-149.3231112342012,228.27122187011744,0.6783695569085919
105.09845755269589,-58.000118586733095,268.1970336921249,0.20303815495707236
212.98289482665996,41.00002179051788,384.96576786280207,0.015901011939511846
234.0581687549593,56.130216884405,411.9861206255136,0.010611596297133473
218.16423447515035,29.736193700302863,406.59227524999784,0.023835980599980083
69.1336515165176,-96.98130694291402,235.24860997594922,0.4093457358584134
187.6315681615829,-0.034892779144456654,375.29802910231024,0.0500415628284319
219.4917837654839,30.24728632639068,408.7362812045771,0.02359541193293792
-52.29372387274407,-220.21688954252755,115.62944179703942,0.5370103747200827
245.4093738254296,57.57597485378827,433.242772797071,0.011120322502816696
133.44525324136612,-37.77253128067895,304.6630377634112,0.12477431286424975
24.797871502681573,-168.43498208030869,218.03072508567183,0.7987802615314197
175.24680765528683,16.283787357727903,334.2098279528458,0.03115619380450255
274.4456009060559,88.21474625694984,460.67645555516197,0.004400634937569814
262.15768257790023,104.71365171837124,419.6017134374292,0.0013935921261294744
118.76088392137854,-51.68296738104368,289.20473522380075,0.16927640908904884
289.0253494691233,106.91781726212702,471.13288167611955,0.0022529253073527546
147.03048219744824,-46.97079183446908,341.03175622936556,0.13537628995094417
50.59001139292377,-157.99325593864222,259.17327872448976,0.6304631115112409
74.40684508971026,-97.24764404268907,246.0613342221096,0.39070249785892286
-0.6682796176910415,-151.75625420957354,150.41969497419146,0.9929961456850103
173.48390364539046,-4.332121812408531,351.29992910318947,0.05568812787708044
223.1462908513272,58.29402644749828,387.99855525515613,0.008630441507410542
261.84310709226384,77.94193130296617,445.7442828815615,0.005840817415700367
215.76423797593816,11.06989026855183,420.4585856833245,0.0391007654494019
238.1330885639427,77.45440917390397,398.8117679539814,0.00419941225700295
233.77906320013108,56.11406301067606,411.44406338958606,0.010577088609018627
286.3309690130109,103.98790618870589,468.67403183731585,0.0024909291533495924
277.9526979671682,97.22108273208838,458.68431320224806,0.0030180937365206005
350.4614311907608,176.04743985013326,524.8754225313883,0.0001448556958854512
128.10895971812488,-33.3619878873308,289.5799073235805,0.11816802367281747
143.08007654932317,-22.434097584152653,308.594250682799,0.08921358352110521
198.59996952060874,31.350596029674477,365.849343011543,0.0205704880532441
62.620683496534184,-130.89551099727782,256.1368779903462,0.5213179153160596
155.4470709839784,-21.482465138128674,332.37660710608543,0.08420066359089642
277.31782745927785,102.62757150095564,452.00808341760006,0.002252096293252011
331.1822889485852,139.45754913552395,522.9070287616464,0.0009402137639275701
120.52392548730495,-52.00943312975107,293.057284104361,0.16815895442076725
179.99402055556357,-19.0679537194531,379.05599483058023,0.07569199306433068
216.94296577720706,48.13441034076243,385.7515212136517,0.012448275197126435
184.33814953156434,2.6985653014943125,365.97773376163434,0.04677212362988116
55.807056357898546,-131.67944883781476,243.29356155361185,0.5550937643750447
18.84001126431167,-147.28964168149525,184.9696642101186,0.8219619495204209
210.03051272200582,27.31355856538383,392.74746687862785,0.024820799940490763
166.72305799981405,-14.842253849371133,348.2883698489992,0.07135735263469666
209.1199850928242,38.298157221546745,379.9418129641017,0.017101292150129708
278.0932436150715,120.18678631195388,435.99970091818915,0.0007663048914596945
112.64235952018907,-63.539574568185486,288.8242936085636,0.20660037558139646
176.44467811347977,8.193112421003406,344.6962438059561,0.04008733441012329
173.49826617591043,7.4977321686897085,339.49880018313115,0.04074031604607072
71.4751298865508,-99.26463068160939,242.214890454711,0.4071200336692671
122.12121527709041,-42.03981317381388,286.2822437279947,0.1426292233317621
355.6695505294392,175.48166886674827,535.8574321921302,0.00018409495171452106
185.3414434894121,21.56717255334516,349.11571442547904,0.027067543595438257
243.95583803260797,65.10999018448814,422.8016858807278,0.008143155934388581
391.65049268499024,207.28287617369986,576.0181091962806,6.38340926956915e-05
164.00056784115077,-16.924594705848506,344.92573038815004,0.07499486953933905
305.0115663117963,139.55605628517097,470.46707633842163,0.0004446221299857787
137.8563570719839,-29.11649309660305,304.82920724057084,0.10415936258490291
226.84977302154812,74.02135637882728,379.678189664269,0.004159082153350333
342.8404535182867,169.67382164833455,516.0070853882389,0.0001760048860461413
130.25879857623568,-55.329747063066264,315.84734421553765,0.16625939237943993
282.60830008860285,110.76907110982418,454.44752906738154,0.0015859238423384366
173.70632810666666,12.002558534820054,335.41009767851324,0.03559994547416964
244.48180207899077,81.65538894461599,407.30821521336554,0.0037923093534176213
247.93047676829838,82.60860565791572,413.252347878681,0.0037853831738702695
35.5247661355711,-147.35795082968343,218.40748310082563,0.6998175845383283
236.9580331745933,68.89842260454989,405.01764374463676,0.006313427043029732
170.1846048961238,-38.92338043731087,379.29259022955847,0.10919202820499704
181.02265304593948,-3.1776985068263457,365.2230045987053,0.05398268781278457
211.78348989374945,41.30028192738513,382.26669786011377,0.015568426686083077
367.6231689810538,193.21905974919954,542.0272782129081,7.137023241368952e-05
194.04036966573312,30.67645807927113,357.4042812521951,0.020554199325522108
185.72125604299845,16.884088011081076,354.5584240749158,0.031519436014241176
86.79615707397534,-106.84480765620432,280.437121804155,0.37485525584512547
124.16756124328685,-41.21833969229829,289.553462178872,0.13902111808621886
143.95141157483386,-52.402903651612604,340.30572680128034,0.14819370608502191
253.95330256941224,72.64896327380413,435.25764186502033,0.00665370774848551
198.56800205957416,38.88395600419693,358.2520481149514,0.015468619726934823
382.9215003129948,201.25412136166014,564.5888792643294,7.40731755414589e-05
135.4363805141693,-23.769358132874743,294.6421191612133,0.09432541474018787
406.61859380013993,233.42628776779765,579.8108998324822,1.2149018275846285e-05
213.09788324324154,30.222825257878156,395.9729412286049,0.022964868257582552
189.712635510984,24.336833096325392,355.0884379256426,0.02514208959476181
292.3758064661306,109.39439489089071,475.3572180413705,0.0021081959740019258
172.81660232968852,-12.075189495069054,357.70839415444607,0.06653477294405798
78.04629564339166,-99.80445871820925,255.89705000499256,0.3849823119569099
277.9909187230687,122.23578817880443,433.746049267333,0.0006495804467738038
329.0590027826879,154.2215222262012,503.89648333917467,0.0003419462650418293
105.21641262802677,-93.97093178744444,304.403757043498,0.2961355985327696
158.46227387520366,-2.766855885517373,319.6914036359247,0.053963679814859396
266.9715320675814,67.06380146514644,466.8792626700164,0.009517272351769347
80.58180077421684,-112.57425466701227,273.73785621544596,0.4086911040982818
-3.8234312256709018,-169.09899024746423,161.45212779612243,0.9633803790643036
181.15069309726823,26.14016802562159,336.16121816891484,0.02263868314700568
244.66267703368248,72.36232090114888,416.96303316621606,0.005984289041921455
259.2082688339401,93.56428658574737,424.85225108213285,0.00257621161729149
211.93114982326733,22.86708715775987,400.99521248877477,0.028510859546592576
124.13821243882649,-45.447149891576544,293.7235747692295,0.14904159403183903
208.15492661438338,43.266412133803016,373.0434410949638,0.0140618281903645
284.19120651884214,123.65976536311243,444.7226476745718,0.0007145367573915371
120.68033659565981,-20.756813491806582,262.11748668312623,0.09335129804440151
81.10286597740787,-101.42249258369492,263.62822453851066,0.3784451927772603
190.96452062840126,-1.1094745158093247,383.03851577261185,0.05130514252287979
214.87181748950525,28.70694614016398,401.03668883884654,0.024291897096912245
142.37421646124585,-48.323637300641934,333.07207022313366,0.1410316219857289
159.65661485189548,4.615555956701826,314.69767374708914,0.04371829425602566
349.1126431125531,166.46840440315978,531.7568818219464,0.0002846746816097977
150.15894485259741,-13.205630824570733,313.52352052976556,0.07108067284701078
227.33358931962266,46.39219891119785,408.27497972804747,0.014473478046536821
273.1636061192071,86.75342721085488,459.5737850275593,0.004631745461816515
161.67954579316483,-34.298329435225895,357.6574210215556,0.10450200586142484
178.81843725234648,-3.087177067955537,360.7240515726485,0.05391712510118147
172.07387203167536,-22.092646545410958,366.2403906087617,0.08156323860651957
161.88775418975865,-19.1876844798216,342.9631928593389,0.07898905684426571
23.016415972031155,-156.52960399414894,202.56243593821125,0.7992241699108149
287.6209654458239,93.6771267948887,481.56480409675913,0.004166708002055813
172.15479756931154,19.104179523012903,325.20541561561015,0.027984304102032287
307.6304201905409,155.38262435196776,459.87821602911407,0.00013224256821133207
308.358328392203,141.53523404481967,475.18142273958637,0.0004275822243978994
178.91692765217886,-5.02409339656765,362.85794870092536,0.056429966944980224
123.63893458824032,-35.4036223965667,282.6814915730473,0.12571404548272863
195.3549996421484,30.049479514503076,360.6605197697937,0.021159912493609517
92.25920803935378,-61.362826218536924,245.88124229724448,0.23544912396872697
105.09274589154029,-101.69091369055127,311.87640547363185,0.31430074618845927
218.5351336660642,31.362554161530028,405.70771317059837,0.02270662227438437
140.5194184295633,-24.928607690955175,305.9674445500818,0.09482258595563993
280.4839403339465,104.18180603720953,456.7860746306835,0.0021967913199708506
282.43058634479075,133.04595123343407,431.81522145614747,0.0003255382132260578
257.72825368176063,94.7139591182945,420.74254824522677,0.0023420189088004047
290.67213715753496,106.2293008498118,475.1149734652581,0.002417067375847022
196.71637683392464,33.80547335454665,359.62728031330266,0.018591286209102144
151.41005207685976,-37.308888204642926,340.12899235836244,0.11422924113855397
274.8754101371064,110.07227126172205,439.6785490124908,0.0013685600585568855
69.65631827941252,-117.89725249534575,257.2098890541708,0.46177184318312847
210.332811175193,36.73282868500377,383.93279366538223,0.018213152511462917
198.7367685987565,2.662343525023857,394.81119367248914,0.04704269629523648
249.7124311372395,81.80068444739891,417.6241778270801,0.004080888938519812
278.2895357109437,103.86021026861022,452.7188611532772,0.0021376832875964545
141.54945325478184,-10.86851832728226,293.9674248368459,0.06826343774102567
239.5792860479496,48.872264929591324,430.2863071663079,0.014536452291261007
426.19577079258215,282.67617192719433,569.71536965797,8.451237809952821e-08
80.33120869925915,-113.488426571628,274.1508439701463,0.4116046103837666
167.01458312125123,-6.112074076254174,340.1412403187567,0.058440821506961504
284.91712855054584,109.71107822951933,460.12317887157235,0.0017771920053183347
220.61286665771559,65.18019418817303,376.04553912725817,0.0059891912745538515
138.00055163741217,-38.47089895882132,314.47200223364564,0.12355662428760861
197.26724435032384,14.713017545897799,379.8214711547499,0.03454856055067055
287.3652674987502,105.46555273981565,469.2649822576848,0.002378101285019536
80.24610921045405,-133.2117313691769,293.703949790085,0.45643129465200727
158.41412518860398,-36.377463807423055,353.205714184631,0.10943605798057222
90.01936199000465,-86.57455959883617,266.6132835788455,0.313315556166669
51.557070545574334,-117.41220937950553,220.5263504706542,0.545208815271859
177.79633538355665,-2.3657020322484072,357.9583727993617,0.0530096100414698
365.12483339274104,191.40894820776964,538.8407185777124,7.450774323863016e-05
248.1203380115785,57.550033489063,438.69064253409397,0.011397624589320471
362.06076624624984,185.49829254767226,538.6232399448274,0.00010725985410062738
218.38620680228905,49.714389934269974,387.0580236703081,0.011849580408831741
242.53519888757137,55.44710362705544,429.6232941480873,0.011741976136909903
117.58378146125051,-62.4627456550829,297.63030857758395,0.1972926367569279
49.47512715297262,-139.10324674171338,238.0535010476586,0.6029301246681319
262.463743729591,60.50700147567332,464.4204859835087,0.01154332435782063
94.96845037927687,-79.25778637416514,269.19468713271885,0.2811606867027091
-39.71491532573873,-233.4782947585021,154.04846410702464,0.684213559257131
160.86349682606942,8.501211252644055,313.2257823994948,0.038800034141604246
255.4258720673447,35.86020186938191,474.9915422653075,0.023231199306952496
243.97507438687717,88.06858805972436,399.88156071403,0.0025760736457247405
169.72948118332715,-35.8680017666523,375.3269641333066,0.10425142659145042
199.66178716004242,19.02709876373376,380.2964755563511,0.030726262750972795
212.24564171114844,22.195390700816432,402.2958927214804,0.029098282519870972
297.52888448761223,102.03033212325096,493.0274368519735,0.003353624556495817
50.672371196799304,-115.47297801902508,216.8177204126237,0.5454914532777706
173.50289841759377,3.4860295080569585,343.5197673271306,0.04559461139627487
144.84255123289176,-50.90001847747408,340.5851209432576,0.14473152299719572
80.24371638499997,-88.56585829130714,249.05329106130708,0.34672251937616505
166.6682205316115,-8.856700156229834,342.19314121945285,0.06241682720530975
325.56435723711365,159.51569217041072,491.6130223038166,0.00020270400333276953
195.09379688155877,17.287459802701278,372.90013396041627,0.03193669754879445
100.82735824678548,-67.12674390826956,268.7814604018405,0.2356456969187794
221.21250665944262,46.50891217868963,395.9161011401956,0.013771042260994674
91.38796171424883,-94.55319191875176,277.3291153472494,0.3305586108678876
182.25952070064795,1.974512866685103,362.5445285346108,0.04760366908070891
192.54233219629396,24.367842715867397,360.71682167672054,0.025385668970311897
121.82175895742239,-58.5570188875343,302.2005368023791,0.18260609142353804
289.3335123056745,146.43950066311183,432.22752394823715,0.00012922124487807762
152.0506614971464,-28.80282775739977,332.90415075169255,0.09816806780826298
143.78381033811138,-14.433191200085503,302.00081187630826,0.07426146676335031
275.1577728210582,108.73831283985865,441.57723280225775,0.0014997718786086969
145.87801344655372,-19.092955259188187,310.84898215229566,0.08218156510811771
177.11519490051978,-13.692776454142688,367.92316625518225,0.06839070931558214
84.63068320542106,-88.38594177680105,257.64730818764315,0.33281585534926805
102.66440994478126,-72.33652843849003,277.6653483280526,0.24616132324901674
132.69015458036574,-50.14068232559856,315.52099148633005,0.1521454000480826
87.3133572906163,-96.38663108594608,271.01334566717867,0.3469065424537814
173.30909906414126,-25.13586314166554,371.75406126994807,0.08603507427955241
237.71876169318466,64.77386702647519,410.66365635989416,0.007736448486297171
80.7116810552443,-100.92730227255771,262.3506643830463,0.3789205406213849
184.44570658723023,-5.752562505548241,374.6439756800087,0.05716173982641073
159.63140146825253,-33.728214097405754,352.9910170339108,0.10424302821701516
322.43906911576187,153.73457606608576,491.14356216543797,0.0002812559919841261
63.04807512231355,-126.0628610473392,252.1590112919663,0.5086903534369451
353.6497935728121,178.09532177640443,529.2042653692197,0.00013788919299999598
390.116710304118,193.7762102697022,586.4572103385337,0.00016693858371754405
315.5790523714636,147.0615605255593,484.0965442173679,0.0003650621316827287
465.5902541131827,307.4577519279678,623.7227562983976,1.2679029851539968e-07
376.53638528176816,193.5979879344036,559.4747826291327,0.00010137475984437662
343.9748149439215,180.54182661160274,507.40780327624026,7.28890479671109e-05
283.130920676017,107.33714629317922,458.9246950588548,0.001951955702525554
135.3870455428032,-45.03192606120365,315.80601714681006,0.13917974818407816
140.06811977986217,-33.061207533692,313.1974470934164,0.11127407138769842
197.44835662287232,27.410450502313466,367.4862627434312,0.023435217161322124
114.4357980399509,-63.7255723202685,292.5971684001703,0.20473498643750737
215.50082352338586,48.99082461585516,382.01082243091656,0.011873423706044139
296.65544102825424,126.67518683381365,466.63569522269484,0.0008389960323289387
275.0987673299378,82.8531090620103,467.3444255978653,0.005629838827096308
313.8749154622724,151.0108413585168,476.73898956602795,0.00026207918737249493
123.28888371284256,-65.4178446937747,311.9956121194598,0.19691597961150775
114.61437650855942,-68.30788829820787,297.53664131532673,0.21596118045606913
156.1414115511916,-48.95293486032307,361.23575796270626,0.13341960795785668
64.22973753043925,-116.12727263506582,244.58674769594433,0.48043348309988765
207.20039902208828,24.39049533953184,390.0103027046447,0.026855737423645904
117.6776303207862,-31.131417987695045,266.48667862926743,0.11943810661383547
70.11132940018297,-74.72813696379197,214.9507957641579,0.3381711070244796
260.54792363155457,97.80753194130594,423.2883153218032,0.002067351996925923
232.9332969132497,52.605182151694606,413.2614116748048,0.012066530401242935
203.987219239561,23.487017019497358,384.48742145962467,0.027278414716203986
282.05182363482345,132.29916958744036,431.80447768220654,0.00033897517894595776
73.15761925759398,-110.2023127747297,256.51755128991766,0.42940189603706536
385.8050973298882,217.4977111935359,554.1124834662405,1.8501488626885408e-05
118.01425568738932,-53.45455026611924,289.48306164089786,0.17435940270853995
274.9674649546387,97.54842723633934,452.38650267293804,0.002818565039653931
165.18668530076775,-11.986765851667286,342.3601364532028,0.06718930831112531
262.74637956748666,92.67293431711695,432.81982481785633,0.002940068478098242
230.18263738385667,73.36812786144074,386.99714690627263,0.004581308046602567
166.47661128736218,-2.4279483482126523,335.38117092293703,0.05330087856393213
197.4176961312246,49.31928697951059,345.5161052829386,0.009641308870054594
286.93048891534636,123.89918573793133,449.96179209276136,0.000764159918761797
210.18349230878084,26.041777962613395,394.32520665494826,0.02581931662933392
183.25312409220714,26.403828841370313,340.10241934304395,0.02262138049634926
376.2088635174405,191.30908155905274,561.1086454758282,0.00011987267024283815
188.18678201501461,7.23477138533508,369.13879264469415,0.04171957436761117
158.75434161922476,-21.94066526783726,339.4493485062868,0.08420348644181018
274.3120590665785,132.17839517681654,416.4457229563405,0.0002475881190198228
264.38560269884647,111.9247139006194,416.84649149707354,0.0009040502462734333
293.6861370027523,114.67451516526631,472.69775884023824,0.0016253209224577527
201.42969180969658,8.01460184677498,394.84478177261815,0.041446055050111875
262.44465804313495,102.53077467543591,422.358541410834,0.0016226712556833695
128.17504476492104,-37.42624346503487,293.77633299487695,0.12738121712831027
180.67815776686166,2.3613722334855254,358.99494330023776,0.047117960276870714
127.86022317353172,-60.929635460720476,316.6500818077839,0.1814417272935872
190.8231997265375,17.40060631456089,364.2457931385141,0.031470791247837186
159.58737941268964,-16.115978646948122,335.2907374723274,0.07441370622322122
317.0311814876077,125.16642185583387,508.8959411193815,0.0015081356434538775
206.04493894105963,31.292286907657058,380.7975909744622,0.021444962432253023
161.41535745048532,-1.3816476886191538,324.2123625895898,0.05192378176570598
246.1391893271384,52.60086264710594,439.6775160071709,0.013355312618929967
294.0264838756857,123.6585752346353,464.3943925167361,0.0009645207585448328
53.059373211894126,-126.92064642212509,233.03939284591334,0.5587656531946312
199.583942188151,28.720998085465254,370.4468862908368,0.02264690553263065
292.18237707639037,99.5013730855847,484.86338106719603,0.0034349801388645082
92.48683028516734,-79.31157682663704,264.28523739697175,0.2870989743305639
194.44359345432895,8.776826417708634,380.11036049094923,0.04034628477293514
285.83778232846817,88.31276306035053,483.36280159658577,0.0051402272884004535
315.4006912640234,153.8179586084786,476.9834239195682,0.0002128272730990093
234.10470281235348,55.48151569504802,412.72788992965894,0.010875996424592227
222.7319583708554,29.622153953434804,415.841762788276,0.024366913883696467
226.01946377941704,63.19060047279169,388.8483270860424,0.007133667227230594
134.66094132010267,-36.95999224792567,306.28187488813103,0.1223122862151686
338.74943834713486,157.91492244030871,519.583954253961,0.0003630702458114943
160.13830456625965,-20.979552137979283,341.2561612704986,0.08226109844459413
162.1387462695434,15.265383105000552,309.01210943408626,0.03095683405845746
97.6639475973534,-93.63059438904213,288.95848958374893,0.31257019967763444
163.46314726058608,-21.629559577120716,348.5558540982929,0.08262965104514365
364.9019189886267,197.89851460284842,531.9053233744049,4.2095117437171474e-05
131.78152169409304,-48.749834698938656,312.3128780871248,0.14999829165205114
115.94380972879753,-63.70695826591157,295.59457772350663,0.20261542387163148
271.43252044129395,82.99555526784053,459.86948561474736,0.005315427615031042
215.39909983639063,52.41037651237485,378.3878231604064,0.010284097530193296
120.86129394764885,-68.16109307096872,309.8836809662664,0.2068090713830987
114.04364997240327,-65.4180122370822,293.5053121818887,0.20951455255594503
125.55674815131397,-58.84807045054603,309.961566753174,0.17916424323176663
348.16134022504275,168.16969134582945,528.152989104256,0.0002464898074314889
314.3400229256831,125.55491427999578,503.12513157137045,0.0013928592399991735
141.5894001856518,-27.393612134111493,310.5724125054151,0.09929755709357657
180.79881875308092,-25.37929895958993,386.9769364657518,0.08478134166086278
87.01138415316836,-92.68527160530789,266.7080399116446,0.3374885756193491
284.57855930207734,108.1536888236152,461.0034297805395,0.001923047273428526
70.23426203664621,-133.47592764615734,273.9444517194498,0.49432789723702397
119.03763393678582,-49.332707940253385,287.40797581382503,0.16320951662403868
118.4880868608061,-53.68139219900965,290.6575659206219,0.17446609765174664
283.5105333788197,115.52577680366753,451.4952899539718,0.001243954607478823
205.59572352429768,42.4740239540597,368.71742309453566,0.014182888751260638
278.50850804515176,92.80811008885391,464.2089060014496,0.0037816878786739085
289.9388264674353,106.13945315185882,473.73819978301185,0.0023831412960268776
117.83371537821677,-46.1911291072644,281.8585598636979,0.15660563165377397
223.56683843516203,52.50934719223608,394.624329678088,0.0110891707967476
275.9846568209855,85.30059424726326,466.66871939470775,0.00511720984051836
249.49877354388946,76.9661570627382,422.0313900250407,0.005152641036307034
197.06863977854164,-5.95831870981948,400.09559826690275,0.05693691816959776
207.34136222852385,15.672834427697751,399.00989002934995,0.03435839443722112
165.40931404922458,-41.258845609878904,372.07747370832806,0.11511545286822206
220.6518959148534,15.445674723262243,425.8581171064446,0.035424026974308846
105.1378295685463,-91.09447664101805,301.37013577811064,0.28935642389248173
183.27239093428352,6.496418471508008,360.048363397059,0.04235058220812129
154.23163908738752,-38.427931167295725,346.89120934207074,0.11500188223034258
132.7262109241069,-46.051324752365645,311.50374660057946,0.14342703375513516
157.20557469875666,-13.285418181548522,327.6965675790618,0.07018521632574456
278.2558341736949,107.96662285561067,448.5450454917791,0.0016890659865264558
136.37808443979793,-40.49977828478342,313.2559471643793,0.1288135372997299
182.2736071112845,-16.854922982391287,381.40213720496024,0.07223330094761345
23.049881025626746,-153.0206562999661,199.1204183512196,0.7950667371005229
125.68779372486006,-54.88695070674109,306.26253815646123,0.16970602355427955
234.82548837172953,59.19759926273994,410.45337748071915,0.009433846202265143
204.7188872426691,15.365914593631516,394.0718598917067,0.034459011530557956
163.73802383962493,-22.086716861467096,349.56276454071696,0.08330794335347448
245.57842397215882,54.84315351472583,436.3136944295918,0.012305177348038923
78.32346892173518,-85.20496113889203,241.8518989823624,0.3432013327617043
354.62444264794067,153.19435284398128,556.0545324519001,0.0007768794656561827
346.75934311394803,158.5253305816396,534.9933556462565,0.0004586631790002801
224.95668813901693,25.565399219914326,424.34797705811957,0.0275283203588496
172.90909826311054,-16.564339172358018,362.3825356985791,0.07308605430710696
316.1178803912726,122.20134909985393,510.03441168269126,0.001742753941048647
176.10045743084538,15.577531498598432,336.62338336309233,0.03196827285900161
-78.1519448270542,-266.86755367635396,110.56366402224555,0.41215884105799894
250.3843066795598,93.83039660355496,406.93821675556467,0.0020880352215254627
106.26583314358277,-65.19866785673378,277.7303341438993,0.22094384627296101
239.496283730271,83.5398353131024,395.4527321474396,0.0030594032636355973
334.99604931697104,164.6043093285637,505.3877893053784,0.00019287589396291014
102.65511123421811,-58.31326998511105,263.62349245354727,0.2079166397595188
210.16343626099479,40.20449891489778,380.1223736070918,0.016032837070299906
188.1744872035697,37.51327912920331,338.8356952779361,0.015035674508021318
93.24888518862554,-103.18748291411936,289.68525329137043,0.3474248675509798
218.70932880201872,41.423747344000645,395.9949102600368,0.016278861552669013
195.61766995867356,16.47869964350599,374.7566402738411,0.03273915728509444
111.78593327891849,-77.07914161770594,300.6510081755429,0.24215303359342852
238.62663115846772,85.29564441573135,391.9576179012041,0.0027066025927069107
201.46951212288513,20.962200907075868,381.97682333869443,0.029199265902889352
316.11036658725425,145.9675710442665,486.253162130242,0.00040593799594839487
198.75018824737845,9.737418659255184,387.7629578355017,0.039562700725835405
269.8244833182557,90.69937417141989,448.94959246509154,0.003650501556527691
54.27335432581776,-107.06458263950475,215.61129129114028,0.5049949266006568
49.52794578576959,-118.46992533881934,217.52581691035851,0.5589444827528516
273.4366262880735,85.50611108706661,461.3671414890804,0.004908203738811489
230.4141641491501,57.26728333686637,403.5610449614338,0.009769421691650132
269.14006909616137,89.13886469778316,449.1412734945396,0.0038848152469396096
204.50709197060223,20.680490062730115,388.3336938784744,0.029699621948796877
142.41938380860438,-28.20133764233063,313.04010525953936,0.1005479246868535
193.50801387772617,29.820688072195964,357.1953396832564,0.021121488289588833
249.48855564243286,98.6404337197429,400.33667756512284,0.001501922315455425
127.22251130133509,-54.56370846259662,309.00873106526683,0.16749056952326785
212.6730320662382,28.53228024753372,396.81378388494267,0.02416583724498966
251.89750460292862,51.08215235198176,452.71285685387545,0.01464413328640873
221.54575603811463,29.858855974392327,413.23265610183694,0.024070399600697564
223.9746345482081,59.99317912583089,387.95608997058525,0.008073139257063218
187.86362132521572,16.603534805703987,359.12370784472745,0.031988244938669225
133.64523647259557,-58.28825943694227,325.5787323821334,0.1695416181404091
148.77620274974515,-30.726539851178018,328.2789453506683,0.10294261758038795
109.21548295740376,-48.086136836485025,266.51710275129255,0.17072758027497392
179.3954935312081,-15.032415164279314,373.8234022266955,0.07002635199988501
243.84943173354532,75.97119464242127,411.72766882466937,0.004973101323810077
195.70384773418755,19.301196216796598,372.1064992515785,0.030150719489977346
312.5854213691464,149.19478299939746,475.9760597388953,0.0002809153918407963
229.75240132223462,57.058245209953526,402.44655743451574,0.009778657466778671
295.2070387344165,88.0718999018006,502.3421775670324,0.0058271156230278575
324.70660199582835,172.89642957782993,476.51677441382674,5.8538866545531824e-05
231.53477844747522,68.19869600122072,394.87086089372974,0.006062330903545596
282.0562374897695,126.49666866100245,437.61580631853656,0.000540073453114966
275.9449900041409,102.93186831713439,448.9581116911474,0.002144464120853877
8.432066353838763,-161.26200397287272,178.12613668055025,0.9214492292716355
154.98823867384772,-5.015247442480273,314.9917247901757,0.05743772072991793
107.33535433725638,-56.57272622705901,271.24343490157173,0.19608777342976058
173.03342272462396,24.81918423598148,321.24766121326644,0.022718838005395602
103.08088281109121,-72.35608133185508,278.5178469540375,0.24563042788589726
-105.68797294000115,-269.51420996396405,58.13826408396176,0.202710588664223
356.69099722554074,172.0320647632359,541.3499296878456,0.0002506493448025991
135.38452928391325,-24.016482045770232,294.7855406135967,0.09480885856004419
329.3159727670245,124.4141980686129,534.2177474654361,0.00199035128783675
140.64330349125885,-67.69055642994985,348.9771634124676,0.18284645474293015
365.5453335803263,203.81366738183516,527.2769997788175,2.3868481112333816e-05
187.66613340363028,13.521991342671612,361.8102754645889,0.035034094701807975
230.54624870200496,28.95538835875695,432.13710904525294,0.025542291507281448
412.9394574635194,239.2844712502064,586.5944436768324,9.752400432702377e-06
162.84540803903565,-4.599122152411098,330.2899382304824,0.056469049812918407
270.0482758889375,82.91397626961017,457.1825755082648,0.005236784163965501
169.66382465931292,-14.694525178587071,354.0221744972129,0.07074038381184122
101.06130370519577,-83.23357689291129,285.3561843033028,0.2783046515391796
291.00624977059533,135.48127614758891,446.53122339360175,0.00036928394019403464
193.26814990594403,13.994857507492668,372.5414423043954,0.0349639125799203
138.46889746697707,-65.60102750649875,342.5388224404529,0.18063822494362305
374.30096544646676,206.49254507831026,542.1093858146232,3.024608054546758e-05
320.6187652586873,130.30995198546287,510.9275785319117,0.0012317129241036628
156.3756597374695,-53.7120757173916,366.4633951923306,0.14237993898472173
57.57596765940207,-114.2363610060525,229.38829632485664,0.5063192447790354
260.7416060310493,61.13790479372696,460.3453072683716,0.011150796489707489
257.3253791682341,76.22782676456086,438.4229315719074,0.005936022761929272
263.8909124159036,100.81958615848615,426.96223867332105,0.0018645820573382223
173.92967795017603,27.704872526466687,320.15448337388534,0.020369201886360933
249.37879626661152,57.14323383333314,441.61435869988986,0.011697741551559254
303.0978066366106,116.9145674655197,489.2810458077015,0.0017711627702475898
127.38706308575365,-57.17049762959715,311.94462380110446,0.17330886233816264
260.72345728839855,86.29563509578739,435.15127948100974,0.003929303813447841
94.05380339090652,-81.32254878831782,269.43015557013086,0.2887913753259067
174.21896207672125,-17.17422822029974,365.6121523737422,0.07380246989006557
88.89858823680561,-95.88154968784266,273.6787261614539,0.3410433129004583
168.74802207818857,-8.87581637844562,346.37186053482276,0.06228788850577127
347.3689810970891,170.6524962407767,524.0854659534015,0.00019396700767993137
198.8961522280465,6.18308063695099,391.609223819142,0.0432631210979839
113.76943861201926,-66.25109632606785,293.78997355010637,0.2120727288742291
143.3268893410309,-30.83484869745405,317.48862737951583,0.10537024015589981
244.75576715506122,58.95249516815508,430.55903914196733,0.010494626322129056
293.45245677228513,125.17093717439397,461.73397637017626,0.0008465068669958042
173.81749967621454,-10.970610098281213,358.6056094507103,0.06485916149882577
163.80703705778706,-36.38608940502158,364.0001635205957,0.10734238970856931
130.47091232835828,-59.93478314306128,320.87660779977784,0.17639957963397906
161.46523973552985,-12.886499063606863,335.81697853466653,0.06902376193894119
276.4312978900275,86.99269044785359,465.8699053322014,0.004792397106524732
263.10795532376596,83.71976678729652,442.4961438602354,0.0045851289590827515
202.44786290644151,12.508507773648915,392.3872180392341,0.03701723514252475
205.48911459692772,8.267653917740347,402.7105752761151,0.041352538794078395
111.56340541459258,-70.24465924228201,293.3714700714672,0.22549880570400602
112.42612729007215,-73.42934436217135,298.28159894231567,0.23206267625839747
263.5059597008012,71.17547629302183,455.8364431085806,0.007883098271857151
167.87933895614105,-15.296892184330716,351.0555700966128,0.07189144724011422
283.92072572776215,104.64559988351513,463.19585157200913,0.0022975709682493766
206.5084999287924,57.1464011166602,355.8705987409246,0.007359831668394487
169.21848561899924,-3.4502563182803954,341.88722755627884,0.054636881652853415
178.75133053943546,5.372299537759119,352.1303615411118,0.04348055840547323
204.46416342693192,21.685330774545235,387.2429960793186,0.028839531015365537
134.26440906827793,-47.80745960363504,316.3362777401909,0.1459792328328374
126.90351346564421,-47.10299651384324,300.9100234451316,0.1504842865159171
400.97048198528046,229.91913307000874,572.0218309005522,1.3314377424398365e-05
350.72820418816855,146.28921193010487,555.1671964462322,0.0010137063301984294
214.81659320773542,31.073201445360212,398.55998497011063,0.022531962820651664
330.3745125882788,157.09894091566426,503.6500842608933,0.00029128608275032106
271.9176464758866,111.92043223953681,431.9148607122364,0.0011271346204330382
236.59477100921185,66.14210124154397,407.04744077687974,0.007164563236479887
318.17748076626685,164.6401603784313,471.7148011541024,9.401374427355855e-05
173.2343515173743,-28.500325741523483,374.9690287762721,0.09131570383283381
183.6887279652301,10.54822921415348,356.8292267163067,0.037876171919333367
352.9099232168701,151.53673088860265,554.2831155451375,0.000800651904446059
214.23845362526754,23.81345034496107,404.663456905574,0.027966060524123912
326.5474413431548,129.46955963701387,523.6253230492957,0.001471231300036393
118.90629309327733,-34.169743688447284,271.98232987500194,0.12600708092109256
225.7539724836065,55.28929602438183,396.2186489428312,0.010105134333673438
287.7639003878876,128.17661519011776,447.3511855856574,0.0005761537069348294
174.7370764109205,12.666979910508388,336.8071729113326,0.03494559851821826
221.9511900056873,43.28789428833639,400.61448572303823,0.015566692420351663
169.92401822214333,-13.446562751002261,353.2945991952889,0.06885406096622845
217.1360819792144,63.75053042168062,370.52163353674814,0.006116553435127062
122.93608875648306,-37.55463588986811,283.4268134028342,0.13130167240003404
430.56818232089836,256.31937583730587,604.8169888044908,4.757075024127415e-06
216.77052780255053,27.3212632082122,406.21979239688886,0.0254763947500024
253.94341887176552,60.89264987431474,446.99418786921626,0.01059844979070684
139.38957411333058,-36.446388563533304,315.2255367901945,0.11855161014240535
267.38933402977136,88.8819777550244,445.8966903045183,0.0038188093483985026
171.57882245110022,-15.564593829473552,358.722238731674,0.07178101992368809
371.7090177206378,203.55598315249185,539.8620522887837,3.4442679774470044e-05
200.26562624493363,20.435958188941555,380.09529430092573,0.029529436340652637
186.33686255707153,3.1405098419238016,369.53321527221925,0.046291607265128695
56.27724321387632,-120.34166612300444,232.89615255075708,0.5275529054638272
192.04187393066286,-8.581182747947366,392.6649306092731,0.060365996852966335
126.33902280579923,-74.84003136306453,327.518076974663,0.21488974617451748
127.32900838621163,-46.23601332208267,300.8940300945059,0.1481585356601662
285.48425526899973,114.77728870228583,456.19122183571363,0.0013425270030358997
306.2157429304498,118.0602223179502,494.37126354294935,0.0017597008053127465
172.7785713286853,-33.82428636743353,379.3814290248041,0.0999237251643052
195.73957810967886,5.411161975871295,386.0679942434864,0.0439862046027455
262.40518520022306,78.2111464175762,446.59922398286994,0.005813767220065518
245.0946635905534,31.340557527036907,458.8487696540699,0.025184597525287487
88.06642996950632,-110.62015956015102,286.75301949916366,0.38025198730273124
91.63134114311379,-76.58754514508263,259.8502274313102,0.2814991952085295
107.96171745951597,-79.3011242089878,295.22455912801973,0.25455623063100385
229.36924830869975,96.56094235773074,362.1775542596688,0.0009562519771483655
311.1653206473675,129.10003740814525,493.23060388658973,0.0010599782033867459
238.9526813671746,69.30077678351176,408.6045859508374,0.0063975056937739
170.09907587889757,-16.133914898950422,356.33206665674555,0.07284581517087564
203.72746049382113,33.637483284485285,373.817437703157,0.01953203306498447
79.51357328522954,-113.94130517611859,272.96845174657767,0.41565999406862175
151.6749894933696,-23.513908245553864,326.86388723229305,0.08863455261965772
173.14965675306576,8.92069190235543,337.3786216037761,0.03905492139839213
298.54010661629945,135.70876232540425,461.3714509071947,0.0004721448720129436
188.65762267390073,19.64019662295044,357.675048724851,0.029191243144644056
194.07280519991173,-3.5276899048537587,391.67330030467724,0.054112742618796436
101.45781179784854,-93.05709885439455,295.9727224500916,0.3022838323319513
219.2046298304499,51.82228307953409,386.5869765813657,0.010953322013202147
184.2706624762609,23.82738999643368,344.7139349560881,0.024956496246993493
252.35252919390177,62.53496618154753,442.170092206256,0.009830955391730716
244.26989614932336,57.59797143629859,430.9418208623481,0.011077726749448537
285.4722543871949,125.59059951473043,445.3539092596593,0.0006530715636325103
213.03872981311542,29.901403389383205,396.17605623684767,0.02324147697267694
243.28330216569884,55.705524266696415,430.86108006470124,0.011693588889040974
102.02673345733137,-67.83276927477488,271.8862361894376,0.23529703554456488
27.877156976989227,-140.96199638106324,196.7163103350417,0.7432545875133316
137.53514210616277,-52.70741039370873,327.7776946060343,0.15407125007049285
317.2701081519085,123.69880908937316,510.84140721444385,0.0016557055480830077
293.41134468871223,122.22563860985628,464.5970507675682,0.0010282702497935794
102.03171442839812,-74.84319775557995,278.90662661237616,0.254296926089581
-8.088848171954396,-166.11873049420916,149.94103415030037,0.9190794998492118
222.25929164862828,3.0951108217030594,441.42347247555347,0.04693026227568478
119.68141234135555,-71.50541345491897,310.8682381376301,0.21640097417188334
170.31018653548836,-22.893818013372027,363.51419108434874,0.08312031316244527
266.91340589515085,92.82515290931354,441.00165888098815,0.0031054906701584624
284.62141413995596,98.53090197554795,470.71192630436394,0.0031748753841744073
201.969144491748,25.56765352004126,378.37063546345473,0.025380623335181034
255.08039169437552,70.58500914959566,439.5757742391554,0.007354545672223056
247.22793851323922,91.75333103964257,402.70254598683584,0.0022088272417091675
234.99037143261376,51.68494061068114,418.2958022545464,0.012714754540980184
160.96290378042477,-24.890715897849134,346.81652345869867,0.08862754417038285
105.81531863123246,-104.22810826663243,315.85874552909735,0.3185799319439002
68.28793869688025,-109.30110365271017,245.87698104647066,0.4459279557923317
240.6483374255654,39.08777001007198,442.2089048410588,0.01993208087878299
245.1541578160195,92.10921236564778,398.19910326639126,0.0020617540959388093
312.4685964434989,142.21851839377177,482.718674493226,0.0004663063531641814
281.9898745645928,104.62830139021591,459.3514477389697,0.0022203741017163595
118.7124650376436,-61.520102241929465,298.94503231721666,0.19344951116965758
349.780705385268,156.97120330709947,542.5902074634365,0.0005381775840561355
327.3065129308584,130.1742592908835,524.4387665708333,0.001435258814330862
198.71396901430398,30.3625836168915,367.0653544117165,0.02130920396830252
243.75016742824073,48.32398269473828,439.1763521617432,0.01518579678667571
391.8758449019356,231.23669619133142,552.5149936125397,6.035914770332683e-06
311.4442239177356,126.31591006907763,496.57253776639357,0.0012619966018008208
234.76327985838225,66.75933244788794,402.7672272688766,0.006808663342983847
333.33693611155195,165.35254861206673,501.3213236110372,0.00017495423834072038
163.1647447465025,-10.842285354988519,337.1717748479935,0.06568722287033942
225.72383574445712,33.4520187000937,417.9956527888205,0.02200470517956258
117.66163914595563,-60.39034258397959,295.71362087589085,0.1920096368831687
252.32862428935687,91.97538333042183,412.6818652482919,0.002459197699805728
259.6202621745938,76.26098660041669,442.9795377487709,0.0061638266277427665
331.8514370407397,181.9080682655982,481.7948058158812,3.319261359316884e-05
288.403720818088,102.23326211900704,474.574179517169,0.002829395763788741
86.22530644558856,-81.00145692163099,253.4520698128081,0.3075954545022142
277.4593389730253,96.8808890266233,458.03778891942727,0.003114081071885961
208.00361848818784,30.439688137771753,385.5675488386039,0.02227692950100025
52.79778561807143,-145.4885871072252,251.08415834336805,0.5970703466879832
215.60300041915616,22.464275769358238,408.7417250689541,0.029152734128961445
227.8522524768623,46.321417357385116,409.38308759633946,0.014568029554359478
263.3930775613476,75.19418231901011,451.59197280368505,0.006691680215954475
319.1483323896973,144.2169547533988,494.07971002599584,0.0005063054175268358
271.2602440341884,93.99224896919318,448.5282390991837,0.0031599718932212107
229.530729454435,58.643024243777546,400.4184346650925,0.009126012045347359
177.7433657929264,6.4537023876858655,349.0330291981669,0.0421635026973552
137.38140917646342,-63.59543100961784,338.3582493625447,0.17746895015577685
143.0363353865073,-34.125251348073135,320.1979221210877,0.11198307273216743
33.62215992797428,-149.96079920918467,217.20511906513323,0.7162582578668839
211.22077881889118,21.294312097845676,401.14724553993665,0.029745241361122755
276.81730648856865,112.84169333076832,440.792919646369,0.001221252245815354
177.95169138397569,29.140683611433417,326.76269915651795,0.019776005463945173
192.65725923893797,-2.6531776392578195,387.96769611713376,0.05311489939061785
347.6605588453067,175.47246961819508,519.8486480724183,0.00013442529179659248
143.66370513951415,-36.43289756980505,323.76030784883335,0.1162281286973779
323.9299397982286,143.62014983537782,504.2397297610794,0.000607788026726369
321.824442093724,137.3123470207376,506.33653716671034,0.0008474275836107569
92.13587987780193,-75.68196504343129,259.9537247990352,0.2777014385608353
178.76449588697233,15.488081512462003,342.0409102614826,0.032297073352672435
224.15249441551987,31.278091725388805,417.02689710565096,0.023327505175756786
199.9742122506732,56.70468801712457,343.2437364842218,0.0068330739298019276
47.742128693462746,-129.77636800038258,225.26062538730807,0.5936047211586177
126.79807631617496,-33.89973065841909,287.49588329076903,0.120256683535658
328.0194069029458,152.51119535474945,503.5276184511421,0.000375090669756878
266.3874096495665,83.85248501092582,448.9223342882072,0.004801122838919194
145.9093920824621,-27.50697005820959,319.3257542231338,0.09791684852492344
81.74666939245935,-88.4601925826729,251.9535313675916,0.3418454452418178
299.91315844434075,120.75675466379761,479.0695622248839,0.00131958520223452
150.02212734559225,-34.00263654026318,334.0468912314477,0.10862559751039674
208.16437577744182,7.915880344264849,408.4128712106188,0.04180634869199743
325.3926531792067,150.83020746141614,499.9550988969973,0.00039220073250129404
129.40973931614417,-51.34287042076738,310.1623490530557,0.1580212588701451
226.18182234775168,54.596987918261675,397.7666567772417,0.010441936799490403
301.99664395257514,140.07613853835733,463.91714936679296,0.0003837096210757449
295.75393162692126,121.88761509031673,469.6202481635258,0.001117474418638481
240.57078873329874,68.52507406213516,412.6165034044623,0.006744008730784898
191.58984575958948,30.32735234707806,352.85233917210087,0.020537113960882272
223.39483415366294,51.817696680301964,394.9719716270239,0.011441546604625617
70.77715899245459,-104.01913765298818,245.57345563789735,0.4225445010836436
168.8676962867953,2.0060520494313607,335.7293405241593,0.04737421738316522
330.67682898896555,169.91308868822838,491.4405692897027,0.00010232185600828353
180.89966743404057,9.127374739997776,352.67196012808336,0.03929030168213357
95.27692231183164,-67.29221475892322,257.84605938258653,0.24684323682601556
286.4023649438591,111.90163650580485,460.9030933819133,0.0016153088152089977
456.8414992697035,264.70570970841493,648.977288830992,1.0090188819693843e-05
217.10002218699037,38.28167959997373,395.91836477400705,0.01798448363469685
184.56930761081458,-3.843358627070984,372.98197384870014,0.05473729924538588
264.3359385353683,92.01350839091367,436.65836867982296,0.0030951728919315874
252.1462997352255,64.56495306840847,439.7276464020425,0.009082005961177779
254.59970200349107,63.078443894720806,446.12096011226134,0.009834228963714255
217.97327461610894,60.74969649550812,375.19685273670973,0.007202786630485635
196.63654829866073,11.480004849488125,381.79309174783333,0.03769443040663545
262.009906930924,71.61490240567636,452.4049114561716,0.007643132330332999
180.9009556483188,30.615772594973123,331.1861387016645,0.018959156520887067
350.3105127352901,204.610874734928,496.01015073565225,7.922878967741674e-06
173.80857442627666,9.383141443536829,338.2340074090165,0.03856070916418587
123.26698090759055,-86.90505552594217,333.4390173411233,0.2465081026241691
96.08554422118914,-104.9147262240046,297.0858146663829,0.344066028335705
211.05823792720412,15.404137620191761,406.7123382342165,0.03485149911215877
128.26491651804372,-20.067706439737123,276.59753947582453,0.08903858096831849
275.123810485321,88.36253439242856,461.8850865782134,0.004468314916788566
252.7760462552269,83.9414789872927,421.6106135231611,0.0038468278490311047
229.34696631217412,54.58509457795233,404.10883804639593,0.010780511607320529
182.29194933823555,16.27836478917888,348.3055338872922,0.03182318293978303
356.416644584574,179.27433848972464,533.5589506794233,0.00014045283668005006
331.18535866039974,156.50030011520914,505.87041720559034,0.00031140805493301755
174.55611539332313,-33.012447014925215,382.12467780157147,0.09807750186359011
259.701299169049,63.02832493651823,456.3742734015797,0.010389137237361476
160.54698242526138,-20.466841468287726,341.5608063188105,0.08135134477245447
229.36970985530206,53.34784966203182,405.3915700485723,0.01133369629068478
320.89336494843155,147.9874554698845,493.7992744269786,0.0004082390868476453
314.2245231588431,115.01039825824549,513.4386480594408,0.002388126685108306
262.7769180404607,64.67317155277388,460.8806645281476,0.009990503304938256
216.91682264973497,39.86528016043576,393.9683651390342,0.017010939621003987
173.95833359393146,-0.8152912285705156,348.73195841643343,0.05105191283465284
62.32732994311118,-104.0530962241358,228.70775611035816,0.45788145406809144
343.12723586729635,140.86959032846494,545.3848814061278,0.0011441947062718002
238.2819059027688,72.22082487293468,404.3429869326029,0.005511361862363647
196.84724532280507,2.054493262697804,391.6399973829123,0.04768955784451704
228.00199740007747,60.79688188775765,395.2071129123973,0.00816338633684678
293.0614828417374,130.38640207680163,455.7365636066732,0.0005824465388774051
292.416202961871,126.72023850823967,458.11216741550237,0.000746240771428241
252.57461624158987,88.24878558973398,416.90044689344575,0.003039989525223703
169.6489619033605,-5.034873405781127,344.3327972125021,0.056795617339506915
187.5310627766712,-7.690334814964018,382.7524603683064,0.059488144434603964
129.01178383434672,-21.523859129887853,279.5474267985813,0.09194470873630405
308.4329856828722,123.87382533562803,492.9921460301164,0.001347627027404018
59.90009701667441,-121.50624896660997,241.3064429999588,0.512796218903717
194.49624675216683,11.09408477758052,377.89840872675313,0.037958641944941356
126.97694264637084,-54.06968737044477,308.0235726631864,0.16658551823387902
224.16133906283585,41.93609905303245,406.3865790726393,0.01658607197992261
280.75988295472735,128.44502803193478,433.0747378775199,0.00044674902293989643
351.4728129188361,206.23711589163267,496.7085099460395,8.315242182163984e-06
205.95147978258592,43.63592560857862,368.2670339565932,0.01356654281659008
249.92820404287795,100.02615599191518,399.8302520938407,0.0013742962228805047
104.64897923703165,-64.8511069010118,274.1490653750751,0.22268607492407158
279.13310419715435,114.55635345738665,443.70985493692206,0.0011617413212640744
207.57335378711923,11.699534670600684,403.4471729036378,0.03808582677996261
83.80435690839386,-94.99137487182173,262.60008868860945,0.35348593825722163
272.21221118616677,79.49849671824836,464.9259256540852,0.006282380000140305
175.66411848186635,-14.12766929794472,365.45590626167746,0.06917884239091157
220.2369796752705,28.98746127309778,411.48649807744323,0.024595985156368416
68.69235057020569,-122.33698670998197,259.7216878503933,0.47607304718981724
191.8344931296756,22.285309502946603,361.3836767564046,0.027102753743821154
182.87003115389416,-7.221353608336386,372.9614159161247,0.05911934954653782
193.68893543096965,17.15604463809541,370.2218262238439,0.03195521716800942
220.63079428138008,34.361229578329755,406.9003589844304,0.020882609668650416
213.96425082837686,20.17676474674721,407.7517369100065,0.03091472669353628
79.80834205424344,-97.7237479506741,257.340432059161,0.37351620072049385
286.413574900811,103.00744770823951,469.8197020933825,0.0026226571560252813
197.555750548564,32.091128423694045,363.02037267343394,0.01990708417732553
262.3325536599764,85.45536106923507,439.20974625071767,0.004161210593337902
113.47342219838902,-83.7157387814863,310.6625831782643,0.2551852070246036
185.68700992688719,9.998541360904312,361.37547849287006,0.03859613861235394
209.06349567584857,36.55594773555589,381.57104361614125,0.018185102771055218
312.2450495223966,129.59478071966902,494.89531832512415,0.0010665599397163502
351.05384643897287,188.87185343275434,513.2358394451915,4.7423477816115575e-05
161.90602791970014,-29.261445625040068,353.07350146444037,0.09575791256657931
60.16940695136691,-106.77574480734313,227.11455871007695,0.4751386179468521
273.36593649487395,88.79053774967718,457.9413352400707,0.004216231811067843
204.99799797787682,16.377131883385516,393.6188640723681,0.03354937031602506
108.87230085793726,-67.74598983239832,285.49059154827285,0.22343324734169806
135.41654058381437,-21.87146750325664,292.7045486708854,0.0904837448766781
191.98499470186016,27.978833570967197,355.9911558327531,0.022380659266539076
148.1820848475786,-35.98351233802447,332.3476820331817,0.11318100535613117
337.26529670212176,157.28336998419522,517.2472234200483,0.00036077254485168616
176.82517621915395,8.837331411596494,344.8130210267114,0.039363778124788966
226.18536548124166,33.4670378431706,418.9036931193127,0.022072503407342934
177.47431675170674,-5.068582337704015,360.0172158411175,0.056542764256412116
225.26818402354274,16.532115364722443,434.004252682363,0.03477472533364213
194.8748926302901,19.070956236821047,370.67882902375914,0.030268191042266666
293.61455295609994,101.79326390235647,485.43584200984344,0.0031711982433021185
162.63713217788154,-22.254830885385275,347.52909524114835,0.08372683104940513
271.2480260051889,73.19414810159162,469.30190390878613,0.007902790976752193
164.49723201437882,-15.745102231593478,344.7395662603511,0.07306510919664948
390.25883965534285,205.4399620902725,575.0777172204132,6.933826004463785e-05
293.9578690065873,110.60578311915438,477.3099548940203,0.002041696982071103
303.0693861818472,113.70512352484965,492.43364883884476,0.0021073544913364026
129.5296851085559,-49.03622574652093,308.0955959636327,0.1525867029609195
152.66104482759692,-32.40300791220491,337.72509756739873,0.10452964976998744
103.4442821786588,-79.9733260978864,286.861890455204,0.26496279656417476
183.75296285805507,1.3998539015146605,366.10607181459545,0.04831043303490662
305.2749435829146,122.46458173240595,488.0853054334233,0.001361082644559624
184.1198854153654,6.1557922474034115,362.0839785833274,0.04276578247561231
61.45598031472673,-126.07957919914429,248.99153982859775,0.5160381174397081
209.1494372127213,22.91388771498967,395.38498671045295,0.028234796857289128
267.052070392971,93.70582917183404,440.398311614108,0.0029861490235237294
247.53483897345996,64.81894566625994,430.25073228066,0.008650067949615965
151.06262774257766,-34.32377047234752,336.44902595750284,0.10873285827764322
365.50149009409415,192.71694961745203,538.2860305707363,6.872447561685631e-05
158.2356407346888,-28.198727797266685,344.67000926664423,0.09506922097263334
210.15080061949857,62.62611648656156,357.6754847524356,0.005862178634352412
253.7114833052501,88.64669608622623,418.77627052427397,0.0030971789563356625
273.2408638524612,72.68513959797144,473.79658810695094,0.00822139236104927
157.45327581959282,-22.402165777573856,337.30871741675946,0.08529624062321094
149.3582770107805,-38.60512213923408,337.3216761607951,0.11768464613113537
145.4645383713273,-18.12110879094891,309.05018553360355,0.08057271155998742
104.40881696150745,-43.965951931903305,252.78358585491821,0.16516626528632677
188.7710421419133,7.071497577155981,370.47058670667064,0.041923640728017256
232.3750556225068,81.04930626716455,383.7008049778491,0.003065032724234707
158.65600831888514,-2.730270535721843,320.0422871734921,0.05390338428195274
147.6318619141648,-43.84875357932643,339.112477407656,0.12883120578220084
101.90979646978303,-80.4912652044232,284.31085814398926,0.26936430514905174
85.95098096747688,-90.85819516013572,262.7601570950895,0.33593860043144896
-37.41608213020527,-216.2249590548787,141.39279479446816,0.6780956512234493
65.6455346552757,-115.71290723435882,247.00397654491022,0.47327310430505787
280.17587299414436,111.6125019570915,448.73924403119725,0.0014271077191540058
225.16265590015018,58.63737828019626,391.68793352010414,0.008739109922753462
147.8318034607687,-57.90860560211104,353.57221252364843,0.15656864675790605
131.2743071688369,-23.807470097349807,286.3560844350236,0.0959387714149595
281.47929538236485,64.31600493815208,498.6425858265776,0.011844894395370722
212.139884432072,21.514107735120007,402.765661129024,0.029640169554390503
211.1640603181927,34.62110443495868,387.7070162014267,0.019709054929506843
179.13031933373395,16.909477335197664,341.35116133227024,0.030893850754589308
237.3509804363157,58.98447021283832,415.71749065979304,0.009764424615755714
142.8453172094355,-5.520118181308931,291.21075260017994,0.058922426322409766
320.4730395290476,148.91249350142118,492.033585556674,0.0003770945837444026
145.77077970235132,-31.55753012869934,323.099089533402,0.1056489036777417
86.68253817178402,-99.63957066914651,273.00464701271454,0.35719753353672956
242.33400902053836,106.30007626239546,378.36794177868126,0.0006649014771804815
249.82180017393966,90.48724792117875,409.15635242670055,0.0025262472479563444
144.70191650671313,-27.338036711620077,316.74186972504634,0.09798937853118168
155.07966267440497,-2.8963714570076036,313.05569680581755,0.054243789965362846
144.9480388594934,-16.57280164028262,306.4688793592694,0.0778896020542997
215.71578711100165,35.632156989867326,395.79941723213597,0.01952240384641248
172.89051686952644,13.388189713606238,332.3928440254466,0.0340083512889507
371.7559095610545,153.10137283411837,590.4104462879907,0.0011359293157290013
226.68387285081826,54.85460127261908,398.5131444290174,0.0103850901190556
165.77991640478876,-33.5616782982068,365.12151110778433,0.10180130640362245
270.02422812273016,76.3834273531231,463.6650288923372,0.006884050991504941
219.18701432683292,64.8677169910479,373.5063116626179,0.005966454118499638
288.7016926831798,111.59157551270258,465.811809853657,0.001744469814311267
253.0460338920716,64.68057785586487,441.41148992827834,0.009160365872740352
21.498946625995814,-165.25610206312828,208.2539953151199,0.8193119425019716
217.57079286821318,49.73010160821434,385.411484128212,0.011748894746322762
88.35642642621224,-95.53085694689105,272.2437097993155,0.3417314201932037
191.40764201588036,1.8270802060969515,380.98820382566373,0.0478856144397037
184.03706606316473,-8.137255238124993,376.2113873644545,0.06024552453635488
112.37314444849653,-66.23759153676826,290.9838804337613,0.21392088197864678
361.6142942618185,176.35900133824242,546.8695871853945,0.00021273881543896887
230.44079769782775,42.350971475408244,418.53062392024725,0.01701343918488537
130.4055972163378,-49.33240496336609,310.14359939604174,0.15261994373715793
119.56252107705677,-60.423715540056634,299.54875769417015,0.18986157010687205
153.76023217351985,-37.548180791271136,345.06864513831084,0.11361653474614421
145.8178880587002,-21.495157968088677,313.13093408548906,0.0866697969749935
250.51389758559526,69.5098405129146,431.5179546582759,0.0073799603170026035
243.4224259356174,65.50979064626699,421.33506122496783,0.007959934171039514
27.5627214988408,-133.61561379726416,188.74105679494576,0.7344079357774888
192.10220913202238,0.5218003045988837,383.6826179594459,0.049394523268611816
223.21185044030472,35.987460144794596,410.43624073581486,0.02008248271564531
330.1896406389669,149.87298318271408,510.5062980952198,0.0004794296814726804
333.3647418831911,179.83952412231105,486.8899596440711,4.503607149346313e-05
101.10401298902025,-84.3874755929655,286.595501571006,0.2812045706010393
206.72247877106565,25.78544931577858,387.6595082263527,0.025683442691027923
240.84921401527845,57.02150845912547,424.6769195714314,0.010907484130654345
211.29990608402068,38.309021809668536,384.2907903583728,0.017350283357252198
307.97823572616744,118.80154159750944,497.15492985482547,0.001755820356591716
213.14515356395214,50.34417203364603,375.94613509425824,0.010954289783972138
53.58461646929027,-112.12927710990098,219.29851004848152,0.5215625693658237
218.13388436422247,67.2912016100868,368.97656711835816,0.005148123548335846
353.0313702606836,174.79484406718998,531.2678964541773,0.00017571363032317904
315.2091301540795,131.1986543803489,499.2196059278101,0.0010795602160390575
189.3021471777838,1.7859996670707972,376.81829468849685,0.04790959571444284
285.2544472277832,120.86988184688889,449.6390126086775,0.000900493209619775
202.51877555065312,38.609575977072495,366.42797512423374,0.016115445869499964
316.6818703332124,139.36514345923217,493.9985972071926,0.0006463917179739237
330.9210373531191,158.06064134166832,503.7814333645699,0.0002747010834609302
222.31134570741733,61.780737601478336,382.8419538133563,0.007261178384950768
292.51243317960234,109.7048358860414,475.3200304731633,0.0020776710480795713
263.8526976191124,78.6358869256793,449.0695083125455,0.005817340792211747
113.12386825206067,-74.23562799764531,300.4833645017667,0.2329076276351289
163.46919332382822,-2.3279565918492438,329.26634323950566,0.05322351696753166
155.3983404503847,-12.672868335850751,323.46954923662014,0.06946345350044762
190.8639568007634,21.226646834744372,360.5012667667824,0.027940552919221064
212.55906655745548,44.91382646683806,380.20430664807293,0.013627693007356783
305.6129579363369,117.54013125416174,493.68578461851206,0.001786280678960038
174.0259453993349,-23.8265397922342,371.878430590904,0.08385049593757804
78.77875252498643,-111.65794971517798,269.21545476515087,0.4126992691674597
242.51574507824444,68.63205934762277,416.3994308088661,0.007010193055370592
206.11183027133256,15.64921864974366,396.57444189292147,0.03429342805273728
108.82871216333297,-52.977850498367275,270.6352748250332,0.18438329910047213
170.43503326187056,2.71759379929631,338.1524727244448,0.04649723912079162
191.8330634012318,4.593362008149796,379.0727647943138,0.04476749209543048
165.27629712882526,-12.385690486850677,342.9382847445012,0.06779104328503664
34.09514526868361,-137.80776619236792,205.99805672973514,0.6940190778087456
167.4924367513304,8.822827013751436,326.16204648890937,0.03882144654378563
313.3777473279215,134.81704983459016,491.9384448212528,0.0007918091268411017
226.64033580809473,49.07568088960022,404.20499072658924,0.013045559793886979
325.37833987628164,131.74105811931588,519.0156216332474,0.0012674558437705606
108.6848031429763,-68.1344758021194,285.504082088072,0.22473874781246675
176.47364004272958,4.313005204938037,348.63427488052116,0.044663293911145596
165.12118664085256,-15.870515163411227,346.11288844511637,0.07313689640784876
138.10853964166245,-44.58706479873297,320.80414408205786,0.1363378790019557
41.74352644399323,-98.62492347514987,182.11197636313634,0.555517967841523
177.27275782612878,2.4769622373881646,352.06855341486937,0.046917430078379174
225.45011611544214,34.298375975711906,416.6018562551724,0.021432092750829638
412.6785008695979,265.277008365361,560.0799933738348,3.4995302285093955e-07
296.2741737406536,112.90579273700183,479.6425547443054,0.0018896067541210584
144.62797482850146,-40.868325308125804,330.12427496512873,0.12464999289031008
92.26076926678888,-101.5337514759297,286.0552900095075,0.34601210620849376
283.7860561155653,91.37215274250144,476.1999594886292,0.004371859126709134
169.01819325983433,-0.9436658221808898,338.98005234184956,0.05125376540544798
258.52019677191447,88.74545886793166,428.29493467589725,0.003318198688819774
354.20289699299474,166.78539893230905,541.6203950536805,0.00033025536283874766
131.3619624947496,-51.615445798951924,314.3393707884511,0.1569031470365323
224.4670073067814,47.09643582852715,401.83757878503565,0.013804592950596033
201.6704463939227,24.381919802389888,378.9589729854555,0.026313078304269426
396.7971056943861,227.26614126773006,566.3280701210422,1.319752212364114e-05
232.06522152747857,50.73381623299301,413.3966268219641,0.012805241461271072
-24.63893365099875,-209.6045834717111,160.3267161697136,0.7915564202500397
229.55946308221246,66.99729108820156,392.12163507622336,0.0062518073154913655
219.2524129534454,30.27184271808457,408.2329831888062,0.023563853880792754
264.41553697288555,80.32720872274086,448.50386522303023,0.005442537452695333
271.486828539656,97.3699260206933,445.60373105861873,0.002684624216510337
328.4747792736439,169.7698291669287,487.17972938035905,9.346281871471167e-05
196.41846392252546,25.072607745790293,367.76432009926066,0.025210235134292477
118.14419614683266,-49.13424645843017,285.4226387520955,0.1635277571259693
110.1221291803081,-74.17197722574119,294.4162355863574,0.2377532960012874
133.523953967343,-69.21775742815143,336.26566536283747,0.19364127848437754
188.62473258839736,19.987773606936116,357.2616915698586,0.02884825462048248
273.39984909399664,89.15206526054416,457.6476329274491,0.00414362631173895
180.8360263478794,-7.145171482687374,368.81722417844617,0.05913446220516223
175.5250508048848,-14.899926297190348,365.95002790696,0.07029835163260072
45.31479301833906,-155.5026310989962,246.13221713567432,0.6543488270609867
397.35391400500885,222.7364188216776,571.9714091883401,2.2158391184182767e-05
249.5580870806225,58.11175509422452,441.0044190670205,0.01132455046935068
124.14646780657085,-75.45030237966796,323.74323799280967,0.21929610934680355
267.5615931287266,86.12715533601312,448.9960309214401,0.00441052859728376
123.12380022826119,-71.299890872438,317.5474913289604,0.2109099065720363
190.0929906320871,17.006165153381403,363.1798161107928,0.031791469869051125
143.68325413162347,-47.64561448921526,335.01212275246223,0.13844352318196218
153.78384576364942,-28.417179613298714,335.98487114059753,0.09687766815492548
106.96241742759958,-92.22311800742597,306.1479528626251,0.2883204071662434
125.38586927085362,-86.71187251889467,337.4836110606019,0.24278477909463664
192.57360243803214,18.96830511757844,366.17889975848584,0.03016655645078416
202.88199880350476,40.73768942737678,365.02630817963274,0.014866985732599853
250.23999061602217,61.97046418256505,438.5095170494793,0.00984477685362517
297.85507723843784,98.27716711789967,497.432987358976,0.003943735800304931
235.89726201855638,40.55828724162271,431.2362367954901,0.018587525049234756
220.16767864864642,46.093283079584154,394.2420742177087,0.013854991069281185
173.91952669183956,17.438018447660937,330.40103493601816,0.029842630928432038
12.141299662506754,-167.0570353996663,191.3396347246798,0.8930393166523487
219.26352113530447,39.52371725794191,399.003325012667,0.01748603336095539
236.85022491252448,76.7641888302889,396.93626099476006,0.004249323337816299
313.1685885085117,124.55128773448192,501.78588928254146,0.0014491002713090714
381.712513637895,210.05599012302136,553.3690371527686,3.07873766209575e-05
144.23031947551272,-33.30490148569447,321.7655404367199,0.10971707346900027
80.60710181979266,-101.59953765848334,262.81374129806863,0.38018850181002606
284.3905484391762,110.9850033553347,457.7960935230177,0.0016414143463285972
80.50801552395615,-82.84793139067341,243.8639624385857,0.32947371558432503
188.77526428008832,23.08819775287779,354.4623308072988,0.026107802180250137
253.39577731792815,54.68907545791035,452.10247917794595,0.013116763859145826
197.99317576900648,29.500423248787655,366.4859282892253,0.021933587139944085
108.886511990273,-50.178724010206054,267.95174799075204,0.17680393359644134
289.1106621787785,115.70623479079893,462.5150895667581,0.0013741183525027712
128.54165329399984,-25.58370688564554,282.6670134736452,0.10084952446484428
174.74467445912296,-5.327791517215445,354.8171404354614,0.056996863232082834
-23.25952735692954,-216.55727777888717,170.0382230650281,0.8111808188560379
145.04783747924375,-42.335528392431655,332.4312033509192,0.1273315227743762
154.2460038277045,-46.097863530671304,354.5898711860803,0.1292878589950386
246.52530300870012,81.47936836291811,411.57123765448216,0.003914714867178619
106.0250521838957,-70.83500663777892,282.8851110055703,0.2361948309578162
115.02613815486393,-46.93873362325715,276.991009932985,0.16132428215054806
89.28067085297926,-81.05835632724302,259.61969803320153,0.2999516554627532
206.4936143386999,7.298161558357663,405.68906711904214,0.042368795841797646
220.502566273733,31.582858026711477,409.4222745207545,0.022753670928462248
230.29147658240845,61.55267019694048,399.0302829678764,0.008111412625904198
270.10502246032456,101.06975609211955,439.1402888285296,0.002108125055309585
190.37142176637462,18.648652047890295,362.0941914848589,0.030259850027278015
78.83474531365482,-86.44379116436457,244.1132817916742,0.34521181369883214
207.18279096274273,-0.24878164552936255,414.6143635710148,0.05026867545466049
204.11792259061986,-5.390821579116135,413.6266667603559,0.05601162861375336
179.04589248832008,9.203106673549343,348.88867830309084,0.039082022456460454
14.934711855208207,-152.13446489987567,182.00388861029208,0.8591955963243778
88.11985016883273,-68.83757901751943,245.07727935518488,0.2670770557019746
279.66872237308417,92.9375081590199,466.39993658714843,0.0038689691827395673
225.03939162107554,83.16250394022444,366.91627930192664,0.0022693970699936236
300.54076580126684,119.54581469300615,481.53571690952754,0.001433374744172367
225.451444319835,43.06657435729193,407.83631428237805,0.01606895608415655
-11.042068610121987,-192.60999856104687,170.5258613408029,0.9039114911157752
240.50226337489767,64.09327951111703,416.9112472386783,0.008189408498560298
220.11312866899107,41.551913743324604,398.67434359465756,0.016351531251423926
56.07504601586288,-147.31150538877094,259.4615974204967,0.5844501348204274
125.99538433934595,-73.59675312193045,325.5875218006223,0.21258936904343448
175.44296333551074,-1.5069593570857478,352.3928860281072,0.051934563075458046
10.120268264202878,-161.12995829935846,181.37049482776422,0.9066442657345282
153.9269577007517,-21.198683215655052,329.0525986171584,0.08405054324713834
144.97754121975322,4.407055116206607,285.54802732329983,0.043409605198346454
248.7133093086145,95.37219416721433,402.05442445001466,0.0018380485339595672
171.19359202444502,10.836222633407942,331.5509614154821,0.03674819682419744
365.0499179950875,193.84439660790886,536.2554393822662,5.9868476920395927e-05
38.048914707606855,-135.7389815930743,211.836811008288,0.6640333866359847
342.6387812314906,179.57281070431276,505.70475175866846,7.485541788880486e-05
282.96043643561416,93.80338178719731,472.11749108403103,0.0038664866300790156
240.93486383458276,60.099968183331356,421.76975948583413,0.0096772207833167
189.11263125066262,15.385689586263112,362.83957291506215,0.03329441506548037
91.68546061513916,-88.30878806002289,271.6797092903012,0.31366618709986444
243.6738116136039,57.238762807716455,430.10886041949135,0.011115302710885188
221.48850075699283,42.45345835734392,400.5235431566417,0.0160007519668111
67.3470716042857,-114.1142859342749,248.8084291428463,0.4617425815556263
116.55102898158657,-83.73327809914386,316.83533606231697,0.2501810871579894
178.68416013082833,-11.481179283693962,368.8494995453506,0.0651233554618555
40.740424688676285,-150.60572856981898,232.08657794717155,0.672803426799983
108.74796936868461,-83.34199673921461,300.8379354765838,0.26311801004064583
126.34574679506932,-74.70819202384376,327.3996856139824,0.2145339416724404
221.44259431426462,63.45633742920526,379.42885119932396,0.006635492607297265
91.06616169931976,-89.48722015867051,271.61954355731007,0.31815513558253455
166.77443828748073,-26.068829857802825,359.6177064327643,0.08906823579135727
112.41884513070272,-47.81456378892699,272.65225405033243,0.16644096431685038
202.62116373196886,35.18755597518998,370.05477148874775,0.018347168497413184
278.6372501854121,81.90179485130454,475.3727055195196,0.006092984557218104
214.8440640062513,23.40823386826918,406.2798941442334,0.028360512854886284
244.92374455930485,77.4775198565251,412.3699692620846,0.004681870438504331
265.9023735253768,99.83175319577026,431.9729938549833,0.002074286635593748
101.12244603464023,-78.57715134761179,280.82204341689226,0.2656405864969919
244.18466145192042,66.88604622675754,421.48327667708327,0.007583141979975121
291.1123868097611,98.88907827793042,483.3356953415918,0.0034780068062943
163.36460439414986,-26.477653210249997,353.2068619985497,0.09061482500804433
151.42349576997458,-26.121304247491366,328.9682957874405,0.09348161154133446
126.21280177317976,-62.94252447008637,315.3681280164459,0.18790231160243545
224.44626980358908,59.304813783865,389.5877258233131,0.008368375469120552
298.18613505044823,112.95982750664507,483.4124425942514,0.0019658154169786605
197.79962187742103,-0.6419151356320185,396.2411588904741,0.050727361674676424
183.77068624517824,-24.333105627628925,391.8744781179854,0.08265829770210024
92.40857852201589,-106.1242987423046,290.9414557863364,0.3569644528729293
142.79805637577192,-41.87349998058218,327.46961273212605,0.12774273866186606
337.0940974050113,176.1505324709748,498.03766233904787,7.861534652330638e-05
213.66344105036842,20.099244486329695,407.2276376144072,0.030947080066974025
303.84853752931895,128.7070445717883,478.9900304868496,0.0009011560287538809
107.92432049649778,-50.094519061693745,265.9431600546893,0.17773050265749107
93.98587503738509,-72.74780520410064,260.7195552788708,0.2651421461457929
291.3995739523689,108.67612555026773,474.12302235447004,0.002157580171560981
49.79102289426055,-112.81184986268667,212.39389565120777,0.5435305370384502
111.06958627255517,-79.1441087441801,301.28328128929047,0.24854200342785415
353.9057798122958,183.87474125843704,523.9368183661545,8.598880463007224e-05
353.34919161198104,176.26248929030447,530.4358939336576,0.00015786117627835603
226.08958040082098,32.95725548333354,419.2219053183084,0.022411852581616664
162.05672749698442,-9.351834835211235,333.46528982918005,0.06352682796428073
88.50228836971064,-76.28168248640583,253.2862592258271,0.2879234368333053
276.5913401632797,77.03169161319042,476.150988713369,0.007230528115583191
244.7685475779931,64.92044757320807,424.6166475827781,0.008314649892359213
131.00851992049093,-87.16453587991441,349.18157572089626,0.2355255304671987
334.9757067089454,159.0129477492608,510.93846566863,0.0002965770685804722
232.3386785633602,67.61550426866899,397.0618528580514,0.006318440350579447
229.25888524637912,55.08814250979577,403.4296279829625,0.01059195374746786
55.49767126756342,-119.0263898086923,230.02173234381914,0.5285254333619573
142.5085962304529,-43.56266134041732,328.5798538013231,0.13130003055130274
121.08922258625716,-54.54563938149977,296.7240845540141,0.17376893924714384
207.7558728287422,36.0535010154712,379.45824464201326,0.018368413670688016
355.07965160405456,161.78027430326333,548.3790289048458,0.0004624727782187627
302.6592708429316,121.42669328699932,483.8918483988639,0.0013584265211034141
214.80946510322883,42.4638105248892,387.15511968156846,0.015242469703250928
233.58235961096034,61.74361428345702,405.42110493846366,0.008365474326186735
127.77908206057691,-69.92012664980169,325.4782907709555,0.20189328898649606
317.74280443122825,146.9116434931653,488.5739653692912,0.00040315913461105634
264.16299901025013,102.32027444901726,426.00572357148303,0.0017105698325427143
228.45931852174635,37.926267429453475,418.99236961403926,0.01940523357856136
159.3183387617055,-27.430374535559736,346.0670520589707,0.09334540005476429
192.52313820493373,-14.175196581314793,399.2214729911823,0.06746709979498197
106.72985263576811,-94.32969299535566,307.7893982668919,0.2938028064867746
164.6572209969745,-19.55362646116197,348.868068455111,0.07902581416637368
241.18949267012067,62.162778295329474,420.21620704491187,0.008926490776944752
202.17558758472524,42.82474522508741,361.52642994436303,0.0135674888041732
188.55319007012713,35.03198064705467,342.0743994931996,0.016783025741549808
152.9846664637953,-42.24577214896456,348.2151050765551,0.12275024637205492
253.29342086420775,84.43934653917827,422.14749518923725,0.0037742614291099673
274.922858359731,132.07088619291576,417.7748305265462,0.0002562525352757436
297.0406157495163,137.2313976493976,456.849833849635,0.0003994068770739143
247.39480069906858,90.12405150886622,404.66554988927095,0.0024471599492293266
218.807994363136,43.874495530157475,393.74149319611456,0.01489481816778859
229.17772220340703,68.07245596288774,390.28298844392634,0.005950326761137706
257.8766996528725,83.8302538888401,431.9231454169049,0.004196495708553438
46.41726278221904,-122.13097980200706,214.96550536644514,0.584695462248433
251.16652091346486,53.79560012396345,448.53744170296625,0.01331516350402421
223.2488855334932,55.46652875597121,391.03124231101515,0.009905150934397386
163.19423332843098,-9.155282690203762,335.5437493470657,0.06314159097005104
138.56567912646187,-44.815507494987685,321.94686574791143,0.1364037909615693
151.34121774890036,-10.24007198780916,312.9225074856099,0.06598233758801324
317.7201776249076,132.69213984979243,502.7482154000228,0.001014733207094101
336.92526784001666,155.97809573074545,517.8724399492878,0.00039049972497781746
353.81731822941447,184.24215298188625,523.3924834769427,8.373666954045158e-05
173.86347199756847,-2.6889454519069034,350.4158894470438,0.05350463233659344
240.65043616548792,58.938932192628016,422.3619401383478,0.01011775475057909
165.82925348948538,-12.483414719566497,344.14192169853726,0.06788532526372706
147.84989807728562,-35.6270691483827,331.32686530295393,0.11263337578509028
167.0529583708967,-6.753108725756476,340.8590254675499,0.05935223167125865
297.0640114906364,95.40850222493196,498.71952075634084,0.0044150293069236375
50.140308012618334,-138.29017807512378,238.57079410036044,0.5975112700632287
211.05549484278163,34.822566685493825,387.28842300006943,0.019548480703279993
269.84864603769665,92.08144693517937,447.61584514021393,0.0034020378863843528
226.32670865820228,43.9949817763592,408.6584355400454,0.01565955684177414
161.60452518802686,0.942480463146893,322.2665699129068,0.04870474299751593
127.52639375894387,-38.23520761427176,293.2879951321595,0.12965530528074556
178.11591553218796,-7.584193061490311,363.8160241258662,0.05986941566012948
236.1359986883749,43.65591836558761,428.61607901116224,0.016852742537622395
225.7381493846583,21.36830219273469,430.1079965765819,0.030846491126421998
151.12832142554043,-36.52572553365613,338.78236838473697,0.11290144363002437
191.36536483373357,29.76923209061215,352.961497576855,0.020938176705710063
103.29363708648089,-75.20570335142384,281.7929775243856,0.2525104779150874
228.5597775498527,66.8243185820871,390.29523651761826,0.006200635834591699
323.32602334489684,155.56574874507143,491.0862979447222,0.000251439812340047
110.60584806389397,-67.58056954623353,288.79226567402145,0.22023338530896147
167.71136855675786,17.683271088750928,317.7394660247648,0.028943163070880396
197.90451316246163,24.41024526276695,371.39878106215633,0.025910539047162322
251.2887489997811,81.88821681357379,420.6892811859884,0.00416274964724863
345.34442893507503,170.32198649827032,520.3668713718797,0.00018402463321987595
102.63698594595644,-83.24936413566192,288.5233360275748,0.2747007149229231
423.23458172714527,237.72702146050895,608.7421419937816,2.1967813532295022e-05
128.3129087825032,-63.091023207094935,319.71684077210136,0.18580156387408722
266.8385903373005,89.42403320211696,444.25314747248405,0.003692478396439038
120.06632168997885,-65.35254334310682,305.48518672306454,0.2011084932422274
72.69165480024503,-100.59895527926693,245.982264879757,0.4061602049246733
122.1845606102238,-66.62703286638563,310.99615408683326,0.20092315318732176
252.7717822712757,94.64605068604229,410.89751385650914,0.0020984263909720772
219.0692073722239,33.64964628590957,404.48876845853823,0.021189593610895337
111.72972784343119,-53.73004469373245,277.18950038059484,0.1827137540132291
129.5412769173713,-24.135562374024204,283.2181162087668,0.097122096268626
163.1548880338696,-29.04138344478315,355.3511595125224,0.09499084066949738
230.31155388136904,70.42949673449687,390.1936110282412,0.0053560086719920364
220.15335724444185,15.9745655180688,424.3321489708149,0.03493249478197015
89.54220385111194,-68.0579977083336,247.14240541055747,0.26103325949465445
165.48413904410336,-23.992226616224684,354.9605047044314,0.08602224580970556
233.76584460221056,61.12024201066845,406.4114471937527,0.008602043960558086
224.71920281991788,35.92069647911012,413.51770916072564,0.020284487750171436
266.0414306645798,94.14121930278182,437.94164202637785,0.0028486716514242935
53.4105510861732,-124.60062530587768,231.42172747822408,0.5520120366171544
376.06171772168227,195.74413712859575,556.3792983147688,8.487532136345129e-05
288.1394089423129,136.22360891144442,440.0552089731814,0.00031144428036356973
67.42381675381739,-118.64211281194437,253.48974631957915,0.47281067697046064
155.51126693456627,-29.516039813558308,340.53857368269087,0.09828142212155369
160.47932513971045,-15.57442502584405,336.53307530526496,0.07338191959575482
184.41660236432244,-2.360634975576687,371.19383970422155,0.05289340344479421
162.4667105682115,-6.4019384868158795,331.3353596232389,0.05911038050481152
375.6766574756939,204.23864115854423,547.1146737928436,3.947127286265777e-05
206.2459167352281,19.19089663350198,393.3009368369542,0.03113080239339923
149.85073908856884,-14.524494489696679,314.22597266683437,0.07337776233261434
281.3675930327954,122.9052248237405,439.82996124185036,0.00071134621094076
56.78380911897102,-125.14853243378829,238.71615067173033,0.5360123964592702
141.68432813208346,-44.584208589645726,327.9528648538127,0.13398432228120766
205.80949654738288,21.135330956590764,390.48366213817496,0.029415009536096954
59.23777602178234,-149.63575271238724,268.1113047559519,0.5738922091810317
221.42322108756207,49.236723009367296,393.6097191657568,0.012414071023253013
129.32211793709712,-27.684639643957667,286.3288755181519,0.10503189461615764
283.71925812705376,111.80543045594072,455.6330857981668,0.0015439662030377712
258.9620170652124,85.41421727064724,432.50981685977763,0.0039485692739194885
212.2904396738959,30.263740600652795,394.317138747139,0.02285632417946818
220.6604127757896,33.499253118781354,407.8215724327979,0.02145776857715549
125.87009906818503,-41.48156405985188,293.2217621962219,0.13833040920537845
235.11900037308078,56.179815345506086,414.0581854006555,0.01068900288526845
140.70266859905087,-18.23081484877764,299.6361520468794,0.08188590146930994
267.2125077276082,75.64024769244045,458.784767762776,0.0068698659524766455
241.92042457600883,67.36906192095083,416.47178723106686,0.0072170374165375075
226.9534474377374,45.020058172044514,408.8868367034303,0.015188890527304575
153.47519050450046,-17.364708082413756,324.3150890914147,0.07756862504795833
243.44758282220437,65.92870200829572,420.966463636113,0.007836705501753376
175.5009485642704,-5.023049191602354,356.02494632014316,0.056546270527278994
415.39464721970717,248.50707953364133,582.282214905773,4.1149416540839984e-06
268.48822451154774,89.37607796919107,447.6003710539044,0.0038017506751532146
119.81072961117616,-76.0520918087133,315.6735510310656,0.22688718168776623
139.01308271043536,-43.03466408250637,321.0608295033771,0.1324942465054075
209.45583377304547,30.23094949344869,388.68071805264225,0.022584606929794596
251.65506376236408,68.93608263846312,434.37404488626504,0.007578746377765535
208.3601106875094,31.84908490905522,384.87113646596356,0.021301051366683695
187.92245768869816,30.982193462980945,344.8627219144154,0.019583611954094398
294.72309676319355,120.9362025571252,468.50999096926193,0.001152063105195929
179.33940236916078,11.540470112797266,347.1383346255243,0.0365161315905467
188.17405214786868,-22.281517564588995,398.6296218603263,0.07895066313667275
377.32252553722356,190.14834076526984,564.4967103091773,0.00013966158000738881
140.51030693114944,-66.62070926105045,347.64132312334937,0.18073550871555366
137.28202033608613,-51.22302704725371,325.787067719426,0.15108535010763746
250.2336993523504,93.71999135568359,406.74740734901724,0.0020957748294258
333.829226942079,164.19037643414,503.468077450018,0.000190745155316333
239.94136108024895,54.70478793322789,425.17793422727004,0.011795876587906833
255.07752302540894,116.86256370245786,393.29248234836,0.00043583066980451183
285.0952128483741,95.17831288567311,475.0121128110751,0.003753672069875409
101.94572417713653,-68.30120183071503,272.1926501849881,0.23681620202405015
52.115176540437915,-141.9495152421749,246.17986832305073,0.594216816283481
228.52478931146425,49.484056523943565,407.56552209898496,0.013050594587152105
253.948597278315,79.40526843875267,428.4919261178773,0.004903604241524301
244.84044913552225,64.98732702653206,424.69357124451244,0.008267094496542067
205.33787851732632,17.12213698378187,393.5536200508708,0.03290774517660818
282.49206777755717,101.64654735052491,463.33758820458945,0.0026186979898867153
198.36040423145323,45.06876053385477,351.6520479290517,0.011898908592601554
207.7197988085395,17.842111154750114,397.5974864623289,0.03246711374895537
248.53211998775942,93.27299417751757,403.7912457980012,0.00207063193084501
168.28693555214113,24.049930414589596,312.52394068969267,0.02282786937347046
227.41893049688315,45.77670785747034,409.06115313629596,0.014804085906826006
29.183105394907216,-155.30285458546524,213.66906537527967,0.7535532206049202
138.05487884750028,-49.19064133021584,325.3003990252164,0.14609928330657232
297.0897270266396,138.45676905832292,455.72268499495624,0.0003633243763818465
167.44205612833775,-16.429603582198865,351.3137158388744,0.07367215279431102
253.5497617961414,67.3224801392546,439.7770434530282,0.008266547196878008
250.29115856778662,71.85062405499053,428.7316930805827,0.0065813513041737106
183.76422158617152,14.377602170383113,353.1508410019599,0.03386403821718738
43.53433961584233,-133.8347833959037,220.90346262758837,0.626396311293425
196.775071003603,19.93224192274161,373.6179000844644,0.029674851913840863
204.22578287572924,30.067468143929375,378.3840976075291,0.022146576436682934
216.6590659188255,25.755034720588213,407.56309711706274,0.02665436464761148
302.5744139011763,128.57960864341015,476.5692191589424,0.0008751919159876687
271.0919553642739,93.33801641665141,448.84589431189636,0.003287541590376956
210.5045065713025,48.283463214236974,372.725549928368,0.011651788767969483
133.19768602046042,-45.031427672311736,311.4267997132326,0.14074780578731858
7.2597362050264564,-181.7777677506183,196.2972401606712,0.9392350892428181
108.06972807525972,-72.42975314178062,288.56920929230006,0.2368848432000698
72.1170392393501,-105.57033231185409,249.8044107905543,0.4215396191072226
34.73747379684028,-143.6791497595606,213.15409735324116,0.6993388495616628
250.30095746729785,79.58059464461166,421.02132028998403,0.004608572694885206
14.902004859540739,-156.7700478536702,186.57405757275168,0.8630856923313363
63.8521460128959,-126.87781348958782,254.58210551537962,0.5070480395999725
185.97887588446383,12.03469727999277,359.9230544889349,0.03644518477112222
214.7216270296317,38.51594610100446,390.9273079582589,0.01757489584669317
282.3371592637304,110.55128869929715,454.1230298281637,0.0015945841479032112
158.49817803518908,-29.305070163463512,346.30142623384165,0.09679681422349734
75.04017871503356,-105.32458817780952,255.40494560787664,0.40977244230152854
112.25436194594613,-74.80047503362997,299.3091989255222,0.23579714120787248
223.57175592906106,38.02905101829714,409.11446083982497,0.01885649776606911
126.58532596883379,-53.632957346021385,306.80360928368896,0.16596167437695666
135.8085232722251,-54.91029061015152,326.5273371546017,0.16027070779459787
385.62378267393296,207.28447940289703,563.963085944969,4.838465570969708e-05
252.09377423531032,57.665621160361326,446.52192731025934,0.011719458512542217
274.3315742375612,95.68314670933526,452.98000176578716,0.0030634872827892726
138.61556815010817,-26.934070715375213,304.1652070155916,0.0993878975358683
72.72724099804918,-93.99782887024267,239.45231086634104,0.3876036994913724
158.6050964950491,-9.358091771338252,326.5682847614365,0.06384709061340854
180.9658515273345,-1.3585991273532443,363.2903021820223,0.05168862259778936
194.87901049614538,-4.857146832852578,394.6151678251433,0.055693830428334326
193.07402894917095,-8.842142804527384,394.9902007028693,0.06064033115729874
266.26077597296853,81.89009920121873,450.63145274471833,0.005263856899173978
341.9136884693203,185.94049544152645,497.88688149711413,3.870105864485903e-05
179.45682163365063,-9.615130417605968,368.52877368490726,0.06252647959674289
423.25595077451726,235.33207556172275,611.1798259873118,2.4919224022411285e-05
176.57067762984525,22.497790842431527,330.643564417259,0.025243390502423805
130.43331182536667,-68.87247628633204,329.73909993706536,0.1964453025302329
59.82415814625347,-132.8425711440497,252.49088743655665,0.5381498505179592
368.89439767444264,170.18585405878645,567.6029412900989,0.00040596885844286604
216.93788913269827,53.14611997267065,380.7296582927259,0.010100579347432713
166.01269663933135,0.49673761634133484,331.5286556623214,0.0493330228976603
257.412269453278,87.15977024852032,427.66476865803565,0.003518056725138626
131.60650121310573,-53.904680265778325,317.1176826919898,0.1618206347882228
24.911713207147386,-158.95334585180598,208.77677226610075,0.7880524244132524
178.91034755073042,8.117881220068341,349.7028138813925,0.04030702106322116
171.31842523725254,-15.664682694735546,358.30153316924066,0.07195394064756434
77.95885477199772,-81.6831308677159,237.60084041171135,0.33385429832319047
185.78568199118308,17.4944943122712,354.076869670095,0.030946389344486666
201.9330062056165,9.958779444384362,393.9072329668486,0.039502768306769444
188.20263623996243,4.97632652840818,371.42894595151665,0.04423683859705202
295.72337763903215,86.89163207982187,504.5551231982424,0.006111158096206792
64.73177603201702,-126.37026798520029,255.83382004923433,0.5020732309872475
234.19972307294756,61.03818562580824,407.3612605200869,0.00867816343102526
41.77772397658737,-113.64335729560145,197.19880524877618,0.594032844011855
152.57208304329652,-10.600921581414838,315.74508766800784,0.0663992154236108
251.19737551038406,67.18414629572169,435.21060472504644,0.008151955195395853
113.04251643893213,-72.13834567835102,298.22337855621527,0.22785656052391873
134.56031064311628,-44.45120520830832,313.5718264945409,0.13855976648072477
271.6975393227417,92.20290990078772,451.19216874469566,0.0034999888877534475
93.54503864695425,-81.39122022407795,268.4812975179865,0.2903116359567269
282.3500178701961,115.00011480303931,449.6999209373529,0.0012128978005663503
198.9409369232735,39.18003218676449,358.70184165978253,0.01533196345611386
131.69222754661314,-61.90080280920418,325.28525790243043,0.1794528389206849
5.977638330202353,-175.33976383226982,187.29504049267453,0.9478138876090274
91.02701891234756,-77.03410251555286,259.08814034024795,0.28418814823271993
157.8204315903904,-36.09484208223677,351.73570526301756,0.10920755470227342
289.83474164027666,65.88630948859009,513.7831737919632,0.011931902778259985
314.35361197914654,145.3264547850703,483.3807691732228,0.00039677369573081135
238.94829839419617,62.9176815358135,414.9789152525789,0.008446650116674583
222.67906046647067,50.21323110756205,395.1448898253793,0.012064287810858809
218.86400171327932,11.061896947158914,426.66610647939973,0.039258986234743866
164.9070953719879,-30.67442765962187,360.4886184035977,0.09722403603789258
90.98733748997756,-99.78732575152551,281.7620007314806,0.3452824007054762
156.66630194019763,-1.9142621393820605,315.2468660197773,0.052756782649812976
362.8005913466068,201.29630045424514,524.3048822389684,2.6069044933704785e-05
195.12727082421907,3.077124051512385,387.17741759692575,0.04652662252899505
221.27725412291738,56.4641219265836,386.09038631925114,0.009204196550227564
-52.58678005467391,-214.95681156888216,109.78325145953434,0.5207044880582251
302.6536350309716,146.29558802392447,459.01168203801876,0.00023756399299699416
308.30167719184465,137.41811025599614,479.1852441276932,0.0005731821378825112
31.240224293148913,-148.87034346685982,211.35079205315765,0.7307301132065662
116.8506036257022,-46.47721397812927,280.1784212295337,0.15831747870086751
270.1805753685617,100.87316134656083,439.4879893905625,0.0021328027370753804
325.5072604040315,136.09460336958196,514.9199174384811,0.0010119569970323094
117.08242441925631,-71.49554867884328,305.66039751735593,0.2199910559479505
48.03956343019672,-132.37859683326275,228.4577236936562,0.5971532054840021
58.79294474715289,-102.33477034474271,219.92065983904848,0.46974409152580077
144.2627581728566,-51.2211347515526,339.7466510972658,0.1457884164543411
4.227776804626956,-185.56669670601278,194.0222503152667,0.9647409680484914
406.6301703976542,254.53618675727512,558.7241540380332,9.817625300371103e-07
392.15280762168777,217.74894949067547,566.5566657527,2.5878604989036866e-05
69.71645894105677,-125.31936019932684,264.7522780814404,0.47841696027760283
253.7992506608798,60.39101235980698,447.20748896195266,0.010790526360706258
171.80524357234253,4.620127383916838,338.99035976076823,0.044144080601612276
165.95912681034997,-17.738133013068506,349.6563866337684,0.07592653760654128
122.93361807582414,-51.8680328153236,297.7352689669719,0.16543458801275854
236.56616433447425,83.62708937388717,389.5052392950613,0.0028723097176116125
95.88153301531429,-75.17615726561516,266.93922329624377,0.2678827369256719
160.5753686900307,-6.579024033965368,327.72976141402677,0.059481184142640094
149.4476952808036,-43.53352371724711,342.42891427885434,0.12717492313532344
118.66552528980901,-55.992517218162476,293.32356779778047,0.18006164323467122
137.6150057252098,-32.088710427507124,307.31872187792675,0.11045876760913612
196.89933432984662,25.54967385881355,368.2489948008797,0.024866692649747283
173.83280020572738,-10.81079664075358,358.4763970522083,0.06463534729956723
161.5104446560713,-8.908873174131003,331.9297624862736,0.06290659011939244
258.68451130016865,62.57170727184109,454.7973153284962,0.010395341120642143
183.4668872770244,21.013375847729264,345.92039870631953,0.027380826334339928
182.29199777712074,-0.5901992825011462,365.17419483674263,0.05072562632363616
387.30580782769084,180.93407434885964,593.677541306522,0.0003540393568219426
246.43488798550607,78.83651596028074,414.0332600107314,0.0044798789754410635
67.79986057966198,-146.55326332247128,282.1529844817952,0.5306397390454537
319.06214244699595,137.36769364048942,500.7565912535025,0.0007894720210955883
264.41380467661793,78.26043956617059,450.56716978706527,0.005963533382146855
169.54925021799727,-1.9427057144576736,341.04120615045224,0.05258508312062871
207.06648116913084,18.724845896983936,395.40811644127774,0.03160458518776073
231.4166237014747,67.84648923268276,394.9867581702666,0.006150364348176558
276.57949643347547,79.50750516621866,473.6514877007323,0.006584621642625213
158.53494372551995,-27.1768262568645,344.2467137079044,0.09319406774322697
68.12237828715752,-121.5159679731729,257.76072454748794,0.4766382651468587
245.3850279408971,71.72864387668835,419.0414120051058,0.006204761940475699
257.64076954273924,84.83692309930754,430.4446159861709,0.003976445363644257
167.4765785297118,4.30639332184532,330.6467637375782,0.044392973717078676
152.28339484030585,-38.895202813090066,343.46199249370176,0.1166816440584411
64.77208999106597,-82.92607817564269,212.47025815777462,0.3852985736124397
54.47532454955717,-106.95462722429505,215.9052763234094,0.5034808978198324
205.8807154545957,23.303037183645586,388.4583937255458,0.02763210147510732
351.91644788127223,173.89385666046965,529.9390391020748,0.00018162992594487445
121.16688317956414,-51.81223689228207,294.1460032514103,0.16711590564344353
161.29518842695416,-33.55446820933258,356.1448450632409,0.10326221018823707
103.90182972729554,-59.760682438132704,267.56434189272375,0.20994086057223152
117.59207345320965,-44.973076603756226,280.1572235101755,0.1536995952793472
149.00694617027193,-39.46650577655225,337.4803981170961,0.11928284477682906
120.23907264748595,-45.99004659200048,286.46819188697236,0.15376179612186053
251.41048429493094,87.4590673865209,415.36190120334095,0.0031226091843756876
70.65783698354835,-121.40506706667762,262.7207410337743,0.46599120805723737
339.0102054564227,161.7290627466396,516.2913481662058,0.00028619827214502205
312.12223444117353,156.12392637629867,468.1205425060484,0.00015184137240457427
146.54667029189795,-23.15165429900651,316.2449948828024,0.08951212342746882
179.2276261164161,3.380704419426735,355.0745478134055,0.0458595801832483
135.77164472913864,-13.975225356998124,285.5185148152754,0.074923417657549
224.660713985465,41.89405710780255,407.42737086312746,0.01664609749667879
225.24508011820808,40.09065071502101,410.39950952139515,0.017761615267842965
222.98603744408865,71.92383548244445,374.04823940573283,0.004337623352783209
164.56293215809,-18.45447857103403,347.58034288721404,0.07731645822434934
187.93704443493698,0.2621279918964774,375.6119608779775,0.049688815462600275
239.31498884172242,83.62455844775221,395.00541923569267,0.0030326497707307957
160.09070370943937,9.879610033344335,310.3017973855344,0.03703368051017947
83.90343437995125,-74.49331597453366,242.30018473443616,0.29480424249892284
240.03633066180464,53.84044341454245,426.23221790906683,0.012198699583493304
189.3027535421038,6.668232326207772,371.93727475799983,0.04241767467483739
148.5703238324686,-30.684056923043897,327.8247045879811,0.10294727296824781
138.88669308560748,-64.02736400803741,341.80075017925236,0.17672681401893595
324.268640221454,141.9269367867513,506.6103436561567,0.0006794153045421879
206.96647315751488,28.759413467313664,385.1735328477161,0.02342964828442129
168.64181182049515,-30.11547506597634,367.39909870696664,0.09516547548290893
143.74847675208002,-18.638423510313203,306.13537701447325,0.08192778731872132
159.08358222576362,-27.606752001786646,345.77391645331386,0.0937618664206845
252.5459700330407,93.00906675477432,412.0828733113071,0.002315979441699875
263.549427556939,112.22308147956403,414.875773634314,0.0008734543838411285
92.50091373482519,-79.0898468611428,264.0916743307932,0.28623222875293314
312.59416629308043,131.2725551722255,493.91577741393536,0.0010057587405772701
192.87918424962118,5.37295358332895,380.38541491591343,0.043935965529937004
210.124582734883,32.926366720091835,387.3227987496742,0.02073523931990577
338.61759998061916,153.15821833249234,524.076981628746,0.0004964416814328389
236.3120367102906,75.7606646225307,396.8634087980505,0.004440223815666403
213.4908566288418,18.861393332911376,408.1203199247723,0.03198560283926844
270.20467688851886,87.14661358787703,453.2627401891607,0.004334945563468821
191.92205772667012,7.072305925834797,376.7718095275054,0.04205199060532901
155.032247436101,-6.9243767514906835,316.98887162369266,0.06036631164202952
149.75605439082574,-25.65240539538084,325.1645141770323,0.0931078673540401
249.16987214630763,76.09986398851149,422.23988030410374,0.005342219759719686
216.9709739603677,27.41980316806476,406.52214475267067,0.025422094351781346
210.4359597523826,30.417580637409685,390.4543388673555,0.022547894936215243
148.05267332205813,-39.58618808651167,335.69153473062795,0.12005379292427104
213.01939619999257,46.284382674521765,379.75440972546335,0.012996169215034251
201.42700605474465,-19.564693330757763,422.4187054402471,0.07340592422727961
160.2031766436471,-20.25731672407585,340.6636700113701,0.08094023159458161
126.33288394044075,-58.100672025915514,310.766439906797,0.17630244396323602
198.93261663929707,29.475563048114708,368.3896702304794,0.022046728671590545
277.4528598761258,93.31619925614791,461.58952049610366,0.0036260936423229886
270.58666811466037,74.4935979396181,466.67973828970264,0.0074943343976094055
276.7199601263628,90.04099208297521,463.39892816975043,0.0041946990859445255
452.0394367053341,273.19886477908886,630.8800086315794,3.0431374321142135e-06
317.62262254471216,134.28967512032048,500.95556996910386,0.0009115434047063169
117.75870284527991,-53.68566226568595,289.2030679562458,0.17537206630309524
291.7838951215408,96.94763160514847,486.6201586379332,0.0038409504945267534
-18.39557194042345,-194.28749500374263,157.49635112289573,0.8355031316374631
316.0681581790873,160.01556784028932,472.1207485178852,0.00012769677126138321
194.6037733861649,-1.7495715875895712,390.9571183599194,0.05202448110373982
46.83112865603516,-110.37980381238134,204.04206112445166,0.5548577479688754
268.9597759467024,91.63996759082139,446.27958430258343,0.003418848437142518
294.0233856244795,104.29610914309393,483.75066210586505,0.0028164458095350574
170.36015566917195,-22.487972997003737,363.2082843353476,0.08253641780533487
82.51295060905386,-87.30495214492049,252.3308533630282,0.3363498527313835
259.2389438182895,69.27972886560715,449.1981587709719,0.008115041820727621
256.3941552238939,64.73921096356526,448.04909948422255,0.00940685042399187
358.6020883639053,175.39832826989067,541.8058484579199,0.00021355798839916833
91.01932516176885,-96.00004343938977,278.03869376292744,0.3355809745482563
398.15184985793167,224.93372652926834,571.369973186595,1.7601133703134715e-05
287.48955374636716,98.80082147644606,476.17828601628827,0.003293610261992347
130.45279640002718,-49.15742473333364,310.063017533388,0.1521195767972622
97.56319518697865,-65.69967246896036,260.8260628429176,0.23776903502373706
157.60569329137343,-3.732726538619886,318.94411312136674,0.05540216422713083
105.64555846357234,-75.51348750127536,286.80460442842,0.24911467511729896
222.40920053282298,51.030489868021306,393.7879111976247,0.011644450333268
131.38434487854738,-35.96436448027629,298.73305423737105,0.12208548382269518
232.63674981775557,60.26550896168666,405.00799067382445,0.00886293863588818
106.2718325617302,-74.62540448862282,287.16906961208326,0.24573655071490955
222.34014630124148,45.493006327168985,399.18728627531397,0.014417788801499435
250.33124942690938,81.34043755812348,419.3220612956953,0.00423747199607852
48.09936592865233,-118.26473424273723,214.4634661000419,0.5664695824597688
252.80923712853019,79.2475621363424,426.370912120718,0.004852199595280263
235.57943863464607,65.80698591669719,405.351891352595,0.0071752106977444425
141.44954921586623,-25.70065607195923,308.59975450369166,0.0960157352122654
377.96525053559753,212.0236362724678,543.9068647987273,2.0572830176835542e-05
210.25911082410448,26.90619045527839,393.61203119293054,0.02515507868816155
257.7201475486263,59.826437254182224,455.6138578430704,0.011378557904247397
143.7843306458608,-30.91150994687291,318.4801712385945,0.10532514336466108
295.803025267855,123.27296962489234,468.33308091081767,0.0010277524761287719
42.457971990188526,-122.05189888541523,206.96784286579228,0.6088210311586377
236.0606192697487,74.2014747065808,397.9197638329166,0.004797038831410557
420.67754647399306,233.24175269039344,608.1133402575927,2.6387861922326775e-05
190.07280256781905,-3.4567741845580713,383.6023793201962,0.054129640154012205
229.11923871606223,59.826186417067134,398.41229101505735,0.008643721409482974
104.49572726538963,-84.76618221866724,293.75763674944653,0.275058546087684
249.22168175004072,72.5580707389056,425.88529276117583,0.0062908737299431465
311.79436266276616,147.04963929952189,476.5390860260104,0.0003205314068748567
224.73966668477078,70.607804018238,378.8715293513036,0.004861245556266503
257.62778174978666,96.19915957941666,419.05640392015664,0.00213170981745009
123.98159490638773,-83.78021543206506,331.7434052448405,0.23833184001974173
303.37598926646524,119.68990561302135,487.06207291990916,0.0015659091162375594
243.52997266218563,52.035175249756094,435.02477007461516,0.013367118172443645
106.98740789463818,-52.32061358740751,266.29542937668384,0.18499081775922976
202.17123105080464,26.528274380441758,377.8141877211675,0.024636664389982594
-76.04561475475339,-230.32552370431168,78.2342941948049,0.3294652292486505
216.5554261642542,44.038094331981625,389.0727579965268,0.014609848701731952
150.2375335012507,-30.52471794120126,330.9997849437027,0.10200729723858769
239.9147332140069,82.76039328563695,397.06907314237685,0.0032569775340419525
244.44019843720707,70.45808433800087,418.4223125364133,0.006495853829819619
187.91986263976924,4.446252738718016,371.3934725408204,0.044832585935343665
262.5742029155117,91.19772881936456,433.95067701165885,0.0031550289476873503
-27.543171294300464,-216.42815952485583,161.3418169362549,0.7723425670587714
264.5678177022346,87.02786153822038,442.10777386624886,0.003996362642304155
223.9280213434231,35.634470734709254,412.22157195213697,0.02049602019409504
311.41065760292577,144.77504814221768,478.0462670636339,0.00037753668153238027
153.39609501606174,-13.613578728757886,320.40576876088136,0.07128513906111987
369.94278412942094,188.29802766409006,551.5875405947518,0.00011801889259781336
203.69392298866524,46.91845660568603,360.4693893716444,0.011551811613153473
317.7892118820864,151.86381399579898,483.71460976837386,0.00027342100946925924
270.5293690675403,105.73039266958989,435.3283454654907,0.00161889463336936
253.49599336488018,92.85150434450574,414.1404823852546,0.00242046019852247
174.9328492619843,-1.3518151350172047,351.2175136589858,0.05173915474757061
90.09104952050575,-113.00034211395746,293.18244115496896,0.37985816277409146
165.40576367193853,6.478648612708781,324.3328787311683,0.04157196506916502
171.40987547979466,-18.944833629806993,361.76458458939635,0.07684576118865638
195.8542351735955,22.533082573711454,369.17538777347954,0.027289234541798782
156.01249396800404,-3.469072106646024,315.4940600426541,0.05506776247390219
286.8617600471175,84.86107187281269,488.86244822142237,0.00596373462883875
324.0690568137784,161.41978612657874,486.71832750097803,0.00016073211340811804
258.0770425532219,69.23803181138891,446.91605329505484,0.00802764513501483
315.9633151157941,135.3983453083151,496.5282849232731,0.0008224999920081879
78.52676353352399,-127.07414340781034,284.1276704748583,0.4491234544332916
323.9937088295419,140.0534868320462,507.9339308270376,0.0007895360719282684
222.16542841722412,16.28295965651091,428.04789717793733,0.03479307572114153
205.00914600000579,35.10625203097533,374.91203996903624,0.018684841441036694
350.3634382902774,178.8621543172157,521.864722263339,0.00011333925950700874
145.65053916195666,-39.71563479398549,331.0167131178988,0.12178256598411769
87.31998952255253,-98.131891572639,272.77187061774407,0.35142088395953985
292.32121322943067,132.11270826355906,452.5297181953023,0.0005004432379249363
187.83049508602107,12.826971593690274,362.8340185783519,0.03575328707958828
137.5823096548329,-44.090590913682206,319.255210223348,0.13567396136106585
145.46170166470074,-2.596808304768558,293.52021163417004,0.05405277599955958
238.8020242359794,80.58836993656615,397.0156785353926,0.0035717776420372267
245.7968625543799,82.85357210515323,408.74015300360657,0.0035948051696360135
161.2589602369294,-16.467127045427077,338.9850475192859,0.07463846732601481
162.15907473376,-24.45022623559001,348.76837570311,0.08757880129338046
171.77106028687558,22.723978347117168,320.818142226634,0.024467669331242104
155.88029233953284,-28.501737006576548,340.26232168564223,0.09633944192606678
232.63470719235193,51.00777372512397,414.2616406595799,0.012765751498026376
144.71896827376395,-39.390738916129294,328.8286754636572,0.12162584577919283
192.79056999708928,63.33918395748984,322.24195603668875,0.004022866838422268
191.90125878907656,15.027298859704217,368.7752187184489,0.03384520481624108
412.43653923550664,232.0006348998407,592.8724435711727,1.9401189436049905e-05
145.88183852297652,-27.24701109613298,319.010688142086,0.09732231787351799
241.39813354138278,69.34098214387228,413.45528493889327,0.006565076747788948
351.91544022422977,163.63253018451994,540.1983502639396,0.0003789365440916021
286.0177274954185,135.3526791048649,436.6827758859721,0.0003065122743326547
149.75564554575658,-29.4747504337939,328.9860415253071,0.10022531573572757
215.35937737883978,55.100366250694066,375.6183885069855,0.009127698709391844
230.69302631497112,47.9376833901087,413.44836923983354,0.014035910193638687
239.96691599463884,66.34010023446422,413.59373175481346,0.007392617115976829
199.0728863639306,29.264385242073615,368.88138748578757,0.02217755478276197
62.35168054814858,-93.40564619867672,218.10900729497388,0.4278420191026763
142.2091613548082,-35.72840550781686,320.1467282174333,0.11562830309028957
177.27315552055597,26.696815554309666,327.8494954868023,0.02164577293568846
187.9956738663809,11.116083502311369,364.87526423045045,0.03755530305094721
188.049377397052,14.550034420300108,361.5487203738039,0.03402238416884063
165.00636266165384,-16.18985789829955,346.20258322160726,0.07368200749477907
310.9423341373008,115.67342596027149,506.2112423143301,0.0021799882071677442
190.0624729774854,27.412817512129777,352.71212844284105,0.022598072353173407
248.73554533265178,58.840519678840366,438.6305709864632,0.010925336958216765
210.1713180411316,56.88521996109665,363.45741612116655,0.007865391422839119
41.256866850797905,-111.38961479088863,193.90334849248444,0.5920450313239756
16.256344315489514,-153.02756321740682,185.54025184838585,0.8488793360697872
164.24114861187854,-7.975711961617947,336.45800918537503,0.06130812894875533
46.19683916877193,-133.56682777311116,225.96050611065502,0.610342544690367
136.84051620184255,-46.67215778738381,320.3531901910689,0.14167239909393203
297.35201266544027,129.2286221434951,465.47540318738544,0.0007249725622207238
243.62585345499247,70.53641764788446,416.71528926210044,0.006400118008353532
63.58947271638317,-103.32082241197824,230.49976784474458,0.4504301092635601
355.02155705600035,182.24482739964841,527.7982867123523,0.00010525570272700871
217.62838621080164,24.98848428164061,410.2682881399627,0.02733528663979934
88.89787117250944,-88.54572138534047,266.34146373035935,0.32148454481673916
197.50876244294477,28.866504035321213,366.15102085056833,0.02230565689293441
190.17506032146184,27.588406585410013,352.7617140575137,0.022487995587830756
30.123417445428004,-147.1112413837444,207.35807627460042,0.735992160470418
84.58686707469906,-83.02007220460635,252.19380635400447,0.31810423888388123
198.35405006871224,37.620299699093096,359.0878004383314,0.016238633150110017
245.67549352297374,46.80378124695332,444.5472057989941,0.016136738008307457
156.38186716114706,-20.171622588529004,332.9353569108231,0.0817296738059682
82.08263340560006,-116.7509465988145,280.9162134100146,0.41365436906571507
38.57329474367998,-158.35354655082233,235.5001360381823,0.6976208154828489
284.0425417560996,86.3299148578061,481.75516865439306,0.005431551693735249
272.36212575090985,91.1235614731932,453.6006900286265,0.003729900500770646
201.62703597893778,30.974109215527676,372.2799627423479,0.02118593855146054
213.84886595922444,61.06962039741927,366.6281115210296,0.0066890643473395735
190.07482846082712,11.371537471669683,368.77811944998456,0.037401289209250566
-18.525675551868517,-185.72681223708094,148.6754611333439,0.8259696082744297
198.49067191134554,25.370120689660155,371.61122313303093,0.025212770726596872
197.0035375165162,4.7942068784330445,389.21286815459933,0.044695506797330316
124.36274698391207,-53.96120679375895,302.6867007615831,0.16896093220771638
300.59407549108937,139.14356778730965,462.0445831948691,0.0003917959904394628
243.87485828149784,69.58903178019636,418.1606847827993,0.006714954143933394
162.59098051101455,-17.14699256931371,342.32895359134284,0.07557760047077926
60.14557233025653,-121.95409847787334,242.2452431383864,0.512609891925115
257.88924631880946,70.46667640009153,445.3118162375274,0.007640039400744247
213.83711974822518,41.21202533039704,386.4622141660533,0.01586371892435271
227.3120132325921,41.687088718082094,412.9369377471021,0.017069940126671977
210.83480794130446,1.4954779141139625,420.17413796849496,0.04842744804781392
152.5514680319643,-20.313888239342475,325.4168243032711,0.08285288379131994
